doc_id,n_questions,chunk_count,pred_map,ret_recall,ret_mrr,gen_fill,gen_match,gen_sim,exp_id,chunker,retriever,generator
(사)벤처기업협회_2024년 벤처확인종합관리시스템 기능 고도화 용역사업 .pdf,21,130,"{'project_name': '2024년 벤처확인종합관리시스템 기능 고도화 용역사업', 'agency': '벤처확인기관', 'purpose': '「벤처기업육성에 관한 특별조치법」에 따른 복수의결권주식, 스톡옵션, 성과조건부주식교부계약 등의 기능 고도화 및 이관·신규 구축을 통해 벤처확인 연계 시스템을 고도화하고 신청접수·처리 결과 알림의 One-Stop 서비스를 제공하기 위함', 'budget': '352,000,000원', 'contract_type': '제한경쟁입찰 / 협상에 의한 계약', 'deadline': 'NOT_FOUND', 'duration': '계약일로부터 150일', 'requirements_must': '사용자 인증 기능 구현 (복수의결권주식 신청자/창업주/연장 가능, 로그인된 세션 관리, 동시 사용자 부하테스트) / 시스템 자원(CPU, 메모리, 디스크) 평균 사용률은 최대 80% 초과 불가 / 벤처24 클라우드 인프라 및 S/W와 호환 및 성능 보장(WEB, WAS, DB 서버 등) / 서비스 포트 불필요한 포트 제거, 관리용 서비스와 사용자용 서비스 분리 / 납품 물품은 정품 보증서 및 제조사 공급·기술지원 증빙 제출 / 연계 데이터 정확성 테스트 및 연계기관 데이터 적합성 검증, 내·외부 시스템 연계 테스트 / 인적·물적 자원에 대한 보안정책·지침 수립 및 수시 보안진단, 주기적 보안교육 및 보안서약서 작성, 비밀 보안 준수 / 프로젝트 사무실·중요장비 설치장소 출입보안, 개인소유 PC 및 보조기억장치 반입·반출 통제, 문서 보관·폐기 관리, 문서 보안등급 부여 및 권한관리 / 기술적 보안: 접근제어, 네트워크 자료유출방지, 망간 자료전송, 안티바이러스, 가상화, 패치관리, 호스트 자료유출 방지(국정원 검증필 암호모듈 탑재 필수 경우 포함), 스팸메일 차단, 서버 접근통제, DB 접근 통제, 스마트카드, 소프트웨어기반 보안USB(검증필, 암호모듈 탑재 필수), 디지털 복합기 완전삭제·암호화, 소스코드 보안약점 분석도구, 스마트폰 보안관리, CC인증서 일치 여부 확인, 모바일 서비스 보안기능 준수(식별·인증 등), 보안취약점 점검·조치 / 보안기능 확인 및 취약점 제거(명령어·운영방법 제공, 취약점 패치, 백도어 제거, 오픈소스 리스트 제공) / 복구불가한 자료 손실 방지 및 오류 발생 즉시 관리자·사용자 통지, 오류정보 DB 축적 / 이식성 보장(다양한 운영체제 영향 최소화) / 상호운용성 보장(데이터 정합성·무결성, 유지관리 용이성) / 상용SW는 중소벤처24 클라우드 환경에서 구동, 벤처확인시스템 연계, 기술지원 가능 및 기술확약서 제출 / 중소벤처24 개발가이드 및 UX/UI 가이드 적용, 중소벤처24 연계(SSO, 간편로그인, 주요서비스), Family Site 일부 디자인 적용', 'eval_items': '기술평가:90 / 가격평가:10', 'price_eval': '협상에 의한 계약', 'eligibility': '직접생산 확인증명서(정보시스템 개발서비스) 보유업체 / 중소·중견·소상공인 확인서 발급 및 유효기간 내 소지업체 / 공동수급업체는 모두 상기 입찰 참가자격 구비 / 대기업 및 상호출자제한기업집단 소속 기업은 참여불가 / 공동수급 구성원은 국가를 당사자로 하는 계약에 관한 법률 시행령 제12조 및 시행규칙 제14조에 저촉되지 않을 것', 'project_start_deadline': '계약일로부터 14일 이내', 'post_contract_submission_docs': '착수계 / 책임기술자 선임계 / 책임기술자 이력서 및 기술자격증 사본 / 참여기술자 이력서 및 기술자격증 사본 / 보안각서 및 보안대책 / 과업수행계획서 / 기타 필요사항', 'joint_venture_member_limit': '5개 이하 / 구성원별 계약 참여 최소지분율은 10% 이상', 'joint_venture_min_share_ratio': '10% 이상', 'subcontracting_requirements': '하도급 사전승인 / 하도급 비율제한(사업금액의 100분의 50을 초과할 수 없음) / 재하도급 금지(원칙적으로 불허)', 'web_standard_compliance_items': '웹표준을 적용하여 IE(10, 11, 그 이상), Firefox, Safari, Opera, Chrome 등 2개 이상의 브라우저에서 웹사이트가 정상 동작하도록 범용성 및 호환성 확보 / 윈도우 웹브라우저 2개 이상(크롬, 파이어폭스 등) 이용 가능 확인 테스트 / HTML 4.01/HTML 5, CSS 2.1 / XHTML 1.0 / XML 1.0, XSL 1.0 / ECMAScript 3rd / 한국형 웹 콘텐츠 접근성 지침 2.2 / 전자정부 웹 표준 준수지침(행정안전부) / 전자정부서비스 호환성 준수지침(행정안전부) / 전자정부 웹사이트 UIㆍUX 가이드라인(행정안전부) / 모바일 전자정부 서비스 관리 지침(행정안전부) / 웹 접근성 세부 준수 요건(KADAO-WAH 항목별 95%이상 준수) / 플러그인 제거 등 최신 웹사이트 품질기준 준수', 'web_accessibility_standard': '한국형 웹 컨텐츠 접근성 지침(KCS.OT-10.0003/R3) / 한국형 웹 콘텐츠 접근성 지침 2.2 / 웹 접근성 평가도구(KADAO-WAH)로 점검시 항목별 95%이상 준수', 'network_protocol_requirements': 'IPv4 / IPv6 / H.320~H.324 / H.310 / VoIP / H.323 / SIP / Megaco(H.248) / UDDI v3 / WSDL 2.0 / XML 1.0', 'pre_deadline_required_certificates': 'NOT_FOUND', 'performance_response_time': '웹 페이지 조회 시 사용자가 요청한 시간으로부터 3초 이하로 완전히 디스플레이 되어야 하며'}",0.8888888888888888,0.6578976034858388,1.0,0.38095238095238093,56.86223336064053,50,C1,R2,G1
(사)부산국제영화제_2024년 BIFF & ACFM 온라인서비스 재개발 및 행사지원시.pdf,21,64,"{'project_name': 'BIFF&ACFM 온라인서비스 재개발 및 행사지원시스템 공급 용역', 'agency': '부산국제영화제', 'purpose': '웹 표준, 웹 접근성 및 웹 UI 기능개선을 통해 사용자 중심의 웹서비스 제공 / BIFF, ACFM 웹사이트에 독창적 디자인 UI 적용 및 최신 트렌드 반영으로 브랜드 가치 제고 / 각종 접수 및 참가 시스템을 당해 연도 정책에 따라 개선하여 참가자와 관리자의 편의성 제고 / 당해 연도 생산되는 콘텐츠 운영', 'budget': '금243,000,000원', 'contract_type': '제한 경쟁 입찰', 'deadline': '2024. 7. 2(화) 16:00까지', 'duration': '계약체결일 ~ 2025. 05. 31.', 'requirements_must': '발주기관이 보안상 필요하다고 생각되는 모든 정보는 반드시 암호화하여 구현 / 자료 현행화, 깨진 링크 또는 오동작하는 링크가 없도록 구현 / 홈페이지 시스템에서 운영되는 모든 개발 환경과 각종 툴 등 개발업무 수행에 필요한 충분한 기술이해와 지원 제공 / 웹사이트별 연동된 각종 시스템이 일정에 따라 원활하게 제공 및 부가 콘텐츠 업로드 관리 / 영화 열람에 대한 각종 권한 설정 기능 / 고화질 영화 콘텐츠, 메타데이터 관리 기능 제공 / 사용자 계정관리, 권한관리, 접속로그 기능 제공 / 권한설정: 계정별 열람가능 콘텐츠 제한, 기간 제한, 횟수 제한 기능 제공 / 영상 플레이어 기본기능: 재생, 정지, 일시정지 등 / 영상 플레이어 배속기능: 2배속, 3배속, 5배속 / 해상도 선택기능: 다국어 자막 및 화면 해상도 선택기능 제공 / 미디어 보안 강화: 스크리닝 화면에 로그인 아이디의 QR코드 노출 / 다중 접속 및 고화질(고음질) 화상 서비스 제공 / 1:N(무제한) 접속 기능 제공 / 무제한 트래픽 서버 및 환경 제공 / 사용자 커스텀 UI를 위한 JavaScript API 제공 / 디바이스 및 브라우저 구분 없이 접근 가능 / 로그인 기반 맞춤형 서비스 이용 가능 / 글로벌 사용자를 위한 영어 인터페이스 제공 / 오디오 음소거로 입장 기능, 비디오 비활성화로 입장 기능 / 채팅 및 폐쇄형 운영을 위한 패스워드 설정기능 / 가상 백그라운드 설정 가능 / 운영 정책에 따른 웹사이트와 각종 통합업무관리시스템 연동 / 사용자의 수행 활동에 대한 확인 메시지 제공 / 로딩속도를 고려한 메인 및 서브 페이지 환경 구성 / 웹 표준, 웹 접근성 지원 (최소 3종 이상의 브라우저에서 이용에 불편 없어야 함) / Web개발 코딩 규칙, 메뉴 규칙, 호환성 규칙 등 국가 표준 기술 가이드 준수 / 모든 데이터는 관리자가 입력한 그대로 저장되어야 하며 보안 관리 및 무결성 원칙 준수 / 시스템에 보관된 각종 데이터와 사용자 인증정보의 접근 권한 규정 및 관리 / 보안정책 및 지침 준수 (발주기관 보안정책, 개인정보보호법, 소프트웨어 개발보안가이드, 홈페이지 개인정보 노출방지 안내서 준수) / 투입인력 및 계약대상자 전원 보안서약서 제출 / 사업 관련 자료·문서·전자파일의 외부유출 금지 / 제안사 사용전산망은 방화벽으로 별도 분리 및 제한적 접근 허용 / 반입 PC 데이터 불용 처리 포맷 실시 / 파견 용역 상용메신저 이용 및 파일공유사이트 접속 금지 / 기밀 사항 누설 시 민·형사상 책임 / SSL 인증서를 통한 보안성 확보 / 웹 사이트 성능 최적화 기법 적용 / 프로그램언어는 ASP 3.0 이상 사용 / 데이터베이스는 MS SQL Server 2008 이상 사용 / 반응형 홈페이지 구축(PC, 모바일, 태블릿 최적화) / 모바일과 태블릿 가로·세로 화면 지원 / 동일 도메인과 URL로 작동하는 반응형 구축 / 화면해상도에 따라 CSS 변경되도록 설계 / CMS와 연동하여 이중관리 없이 PC 홈페이지 콘텐츠 수정 가능 / 회원 유형별 분류 및 권한 설정 기능 제공 / 모바일 운영체제(iOS, Android) 별 각 1식 제공 / 관객 채팅 내용의 전체 공개, 부분 공개, 숨김 기능 / 모바일 라이브 영상 송출: 플랫폼 별 스트림키, 고화질 영상(HD), 줌 영상 등 환경설정 / 사용자의 네트워크 속도에 맞춤형 가변형 서비스 제공 / 라이브 스트림 종료시 자동 VOD 전환 / 출입관리시스템: 모바일 티켓 연동 출입관리, 출입기록 실시간 전송 / 데이터별 검색 및 엑셀 다운로드 기능 제공 / iOS 및 Android 구동 모바일 어플리케이션 제공 / 바코드 스캔 및 통합업무관리시스템과 연동 / 접수 및 결제 시스템(통합업무관리시스템 및 국내·해외 PG 연동) / 스크리닝 시스템: 외부 CDN 서비스 API 토큰 제공 및 연동/영상 플레이어 제공 및 연동 / CMS 웹 메뉴 빌더 연동 / 다중 접속 및 고화질 화상 서비스(Rest API 연동) / JSON 통신 등 기술을 활용한 데이터 연계', 'eval_items': '기술부문:80 / 가격:10 / 경영상태(신용평가등급):4 / 사업실적(유사사업 수행실적):4 / 신인도(최근 3년간 부정당업체 제재 여부):2 / 사업이해도(본 사업의 목적 및 요구사항에 대한 이해도):10 / 목표시스템 구성의 적정성:10 / 디자인 능력:10 / 구축방안(홈페이지 구축방안:10 / 모바일 앱 구축방안:10 / 행사지원시스템 공급방안:10):80 총합 포함 / 사업관리(추진일정계획 등 사업관리):10 / 지원(운영교육, 기술 등 사업지원):10', 'price_eval': '입찰가격평가:10점 / 협상에 의한 계약 체결 기준의 입찰 가격 평점산식에 의함 / 최저입찰가격 (입찰가격이 추정가격의 100분의 80 이상인 경우) / 평점 계산식 (입찰가격이 추정가격의 100분의 80 미만인 경우 별도 산식 적용)', 'eligibility': '지방자치단체를 당사자로 하는 계약에 관한 법률 시행령 제92조에 해당되지 않는 기업 / 주된 영업소의 소재지가 부산광역시인 기업 (입찰공고일 전일부터 계약체결일까지) / 나라장터에 소프트웨어사업자[컴퓨터관련서비스사업(업종코드 1468)]로 입찰참가자격 등록한 자 (입찰서 제출마감일 전일까지) / 대기업 및 중견기업 소프트웨어 사업자 참여 불가, 상호출자제한기업집단소속회사 참여 불가 / ‘직접생산확인증명서’ 소지 기업 (정보시스템개발서비스 세부품명번호 8159901, 입찰마감 전일까지 발급된 유효기간 내의 것) / 공동수급(공동이행방식) 허용하지 않음 / 하도급 허용하지 않음', 'submission_place': '영화의전당 비프힐 3층 부산국제영화제 사무국 회계팀', 'submission_docs': '입찰참가표지[별지서식1] / 입찰참가신청서[별지서식2] / 입찰보증금지급각서[별지서식3] / 참가업체 일반현황[별지서식4] / 제안사 조직 및 인원현황[별지서식5] / 산출내역서(상세견적)[별지서식6] / 사용인감계[별지서식7] / 법인등기부등본, 법인인감증명서 / 신용평가등급 확인서 / 서약서[별지서식8] / 보안각서[별지서식9] / 청렴계약 이행각서[별지서식10] / 사업자등록증 사본 / 사업실적증명서 원본(3개월 이내 발급된 원본) / 지방세완납증명서, 국세완납증명서 / 경력증명서, 재직증명서 별첨 / 소프트웨어사업자 일반 현황 관리확인서, 직접생산 확인증명서 원본', 'submission_method': '직접 방문, 6부 제출(원본 1부, 사본 5부) / 디자인 시안 : 1부 제출(컬러인쇄하여 제출) / 제안서 및 디자인 시안 File을 수록한 USB 1개 / 입찰등록서류 및 기타 제안에 필요한 서류 : 각 1부 제출', 'consortium': '허용하지 않음 / 하도급 불가', 'scope': 'BIFF 공식 웹사이트 재개발 및 유지보수 / 상반기(3월 ~ 9월) 접수 페이지 등 개편 및 유지보수 / 하반기(9월 ~ 3월) 리뉴얼 및 유지보수 / 패밀리사이트 개편 및 유지보수 (*.biff.kr 서브도메인 일체) / 공식 애플리케이션(모바일 앱) 2종 공급(Android, iOS 각1식) / 각종 행사지원시스템 공급(출입관리시스템, 개·폐막지원시스템 등) / 각종 외부 시스템의 시스템 연동(티켓 시스템, 채용시스템 등) / 통합업무관리시스템 메뉴별 데이터 연계 / 웹사이트 관리자 페이지 재개발 및 유지보수(아티보드, CMS 등) / 뉴스레터 및 각종 미디어 콘텐츠 제작 / 상주 파견 용역(웹 개발자 1명, 웹 디자이너 1명) / 헬프데스크 운영 및 공급', 'deliverables': '공식 모바일 앱 4종 공급 / Android, iOS 앱 (영어 인터페이스 제공) / 카탈로그 전용 모바일 앱과 연동 / 모바일 티켓예매 페이지 연동 / 앱스토어 및 플레이스토어에 등록 지원 / 모바일 온라인스크리닝 서비스 제공 / 모바일 화면 캡쳐 방지 및 다운로드 방지 기능 제공 / 모바일 화상 미팅 서비스 연동 / 모바일 실시간 채팅 시스템 개발 (채팅방 생성 및 권한 설정을 위한 관리자 페이지 제공) / 마켓참가자 모바일 정보 노출 / 마켓참가자 필름정보 및 폐쇄형 스트리밍 서비스 / 다양한 형태의 정보 제공 (Trailer, full movie 등) / 행사 장소, 상영관별 목록화를 통한 지도 API 연계 위치정보 확인 / Push 기능을 통한 공지 및 기타 알림 실시간 제공 / 개인화 서비스 즐겨찾기 추가 삭제 기능', 'staffing': '상주 파견 용역 (웹 개발자 1명, 웹 디자이너 1명) / 웹 개발자(PM급) 파견 용역 (총 1명) / 웹디자이너, 웹 개발자 파견 용역 (총 2명)', 'technical_eval': '경영상태:4점 / 사업실적(유사사업 수행실적):4점 / 신인도(최근 3년간 부정당업체 제재 여부):2점 / 사업의 목적 및 요구사항에 대한 이해도:10점 / 사업이해도:10점 / 목표시스템 구성의 적정성:10점 / 디자인컨셉, 디자인 능력:10점 / 홈페이지 구축방안:10점 / 모바일 앱 구축방안:10점 / 행사지원시스템 공급방안:10점 / 추진일정계획 등 사업관리:10점 / 운영교육, 기술 등 사업지원:10점 / 입찰가격의 적정성(입찰가격평가):10점', 'negotiation_criteria': '제안서 평가결과의 기술능력평가 점수가 기술능력평가분야 배점한도의 85% 이상인 자를 협상적격자로 선정한다. 협상순서는 협상적격자의 기술능력평가 점수와 입찰가격평가 점수를 합산한 합산점수의 고득점순에 따라 결정한다. 합산점수가 동일한 경우 기술능력 평가점수가 높은 제안자를 선순위자로 하고, 기술능력 평가점수도 동일한 경우 기술능력의 세부평가항목 중 배점이 큰 항목에서 높은 점수를 얻은 자를 선순위자로 한다.', 'security': '개인정보보호법 준수 / 행정자치부 개인정보의 안전성 확보조치 기준 준수 / SSL등을 이용한 사용자인증 및 통신데이터 암호화 지원 / 개인정보 암호화(입력 및 전송 시) 및 소스코드 하드코딩 금지 / 사용자인증 및 통신데이터 암호화 지원 / 사용자의 작업내용 로그 보관 / 일정시간 미사용 시 연결 차단 / 취약점 수시 진단 및 후속조치 수행 / 시스템 패치·업데이트 대비책 마련 / 발주기관의 보안정책 및 지침 준수 / 소프트웨어 개발보안가이드 준수 / 홈페이지 개인정보 노출방지 안내서 준수 / 투입인원 전원 보안서약서 제출 / 제안사 사용전산망 방화벽으로 분리 및 서버 접근 제한 / 반입 PC 데이터 포맷 처리 / 상용메신저·파일공유사이트 접속 금지 / 기밀 자료 외부유출 금지 / 모든 웹사이트는 SSL 인증서를 통한 보안성 확보 / 시스템 및 데이터 침해사고 예방 관련 정보보안 관리 지침 준수 / 시스템 운영을 위한 물리적·관리적·기술적 보안대책 마련'}",0.9523809523809523,0.6448051948051949,1.0,0.42857142857142855,70.52563242218257,50,C1,R2,G1
(사)한국대학스포츠협의회_KUSF 체육특기자 경기기록 관리시스템 개발.pdf,21,93,"{'project_name': 'KUSF 체육특기자 경기기록 관리시스템 개발', 'agency': '한국대학스포츠협의회', 'purpose': '현행 대입 체육특기자 선발에 경기실적으로만 당락을 결정하는 문제 해결을 위한 가이드라인 및 권고 발표', 'budget': '1억 5천만 원(부가가치세 포함)', 'contract_type': '협상에 의한 계약', 'deadline': '입찰공고서 참조', 'duration': '계약체결 후 2024년 12월 31일까지', 'requirements_must': '도입되는 장비의 성능 테스트(BMT) 또는 구축된 시스템 테스트 / 시스템은 사용자인지 인증하는 절차 및 방안 설계 반영 / 사용자의 업무 권한에 따라 데이터 접근 수준 구분 및 일정횟수 이상 로그인 정보 틀린 경우 접근 제한 방안 적용 / 발주기관의 보안정책 및 소프트웨어 개발보안 가이드 준수 / 사업기간 중 정의되는 각종 보안 정책과 표준 협의 반영 / 사용자 및 관리자에게 기능·인터페이스 정보 제공(사용자 매뉴얼·운영자 매뉴얼) / 웹브라우저 호환성 확보(특정 브라우저 기술 배제) / 레포팅 툴: 다양한 플랫폼 및 상용 WAS 지원·대량 데이터 처리·Export 기능·GS 인증 제품 / 웹 데이터 그리드: 멀티 브라우저 지원(IE,Safari,Chrome,Firefox)·Non-ActiveX·Ajax 및 Html5 지원·대용량 처리·정렬·필터링·엑셀 Export/Import·GS 인증 / 접근통제 등 보안성이 검증된 전용 운영센터 기반 서비스 제공 / 서버 운영 현황 고객 현장 모니터링 가능 서비스 제공 / SSL, HTTPS, X.509(PKI) 등 표준 보안 인터페이스 지원 / 어플리케이션별 별도 보안 도메인 구성 및 사용자 계정별 리소스 사용권한 구성 지원 / 물리 IPS·물리 방화벽·CIP 및 DMZ 서비스 제공 / 웹방화벽 서비스 제공 가능 / 임차장비 사양 기준으로 최대 성능 도출 및 종합적 성능테스트 제시 / 성능 진단 및 튜닝 지속적 실시 / DBMS: 고가용성 제공·온라인 백업 및 복구 등 다양한 백업기능·자동화된 전체 백업 기능·가상화 환경 적용 가능 / 중요 정보 암호화 제공(ID/PASSWORD 등 하드코딩 불가)·인증 및 중요 정보 안전한 송·수신 방안 제시 / 개인정보 안전한 보관 및 변경 이력 제공 / 사용자 PC에 설치되는 프로그램은 Active-X 방식 사용 불가 / 화면 디자인: 일관성 있고 전문적인 디자인·스타일 가이드 문서화 / 스토리지: SSD NAS 500GB 이상 / OS: 오픈소스 제안(Linux CentOS 6.4 이상) / WEB 서버: 오픈소스 기반·CGI,PHP,SSI 지원·Multi Process/Thread·Vhost 지원·ACL 및 SSL 등 보안 서비스 지원 / WAS 서버: 오픈소스 기반·J2EE 5 인증·EJB3.0,Servlet2.5 지원 / 웹접근성 향상 국가표준기술 가이드라인 및 전자정부 서비스 호환성 준수지침 준수', 'eval_items': '기술평가 90%: / 가격평가 10%:', 'price_eval': '가격평가 10% / 조달청 나라장터를 통해 실시 / 협상을 통한 최종 계약 체결', 'eligibility': '소프트웨어사업자 신고확인서 제출 / 직접생산확인증명서(세부품명: 정보시스템개발서비스, 세부품명번호: 8159901) 소지자 / 중·소기업·소상공인 확인서 소지자 / 사업금액 20억원 미만으로 대기업 및 중견기업 소프트웨어 사업자 참여불가 / 상호출자제한기업집단 소속 기업 참여불가 / 공동수급체는 5개 이하 구성, 구성원별 계약참여 최소지분율 10% 이상 / 공동수급 구성원은 관련 법령에 저촉되지 않아야 함 / 핵심인력은 충분한 경험·기술 보유 및 기술자 등급 증빙 제출 / 소프트웨어 기술자 근무경력확인서·기술경력확인서 등 제출 가능 / 용역 참여 제한 인력: 국가보안법·정보통신망법·전자정부법·개인정보보호법 위반으로 벌금 이상 처분자 및 주관기관이 업무수행에 부적합하다고 인정하는 자 / 하도급은 사전서면승인 필요 (계약체결 후 7일 이내 하도급 승인신청)', 'presentation': '있음', 'presentation_time': '약 20분 발표 및 20분 질의응답', 'kusf_member_university_count': '전국 136개 대학교(2024. 8. 현재 기준)', 'performance_evaluation_metrics': '산출변수 / 합성지표 / 경기력', 'proposal_writing_guidelines': '제시된 목차 및 작성 지침을 준용하여 작성 / 발표자료 40쪽 이내 작성 / 회사명, 참여 인력 실명이 평가위원에게 유출되지 않도록 주의 / 제안서(기명)와 발표자료(무기명) 각각 제출 / 각 페이지 하단 중앙에 일련번호(장별로 번호 부여) / 한글 작성 원칙, 영문약어 약어표 제공 / 객관적 입증 자료는 별첨 제출 / 모호한 표현 금지(계량화 가능하면 계량화) / 증빙자료는 각 절에 첨부 / 작성지침에 없는 추가 제안사항은 해당항목에 포함 또는 별도 항목 추가, 해당사항 없으면 ""해당 없음"" 기재 / 제출된 기재 내용은 사실과 일치해야 함 / 제안서 보상비 지급하지 않음 / 제안서 제출은 온라인(나라장터 e-발주시스템) / 파일명 지정하여 제출(제안서(기명) 1식, 발표자료(무기명) 1식, 기타서류 1식) / 제안서 제출은 입찰서 제출 여부와 관계없이 허용, 가급적 마감일 전일까지 제출 / 제안서 제출 메뉴얼 참고 / 제안서 발표(PT)는 PM이 원칙, 발표자료는 PDF 변환 제출 / 발표자료 미제출시 제안서로 갈음 / 발표자료 40페이지 이내, 발표 약 20분 및 질의응답 20분 / 발표 입장 3인 이내, KUSF 구비 장비만 사용 / 제안사별 제출한 발표자료에 대해 PT심사 시행 / 기술능력 및 가격평가 통해 우선협상대상자 선정(기술평가 90%/가격평가 10%) / 기술평가를 위한 내·외부 위원으로 평가단 구성 / 자격기준 미달·허위작성·구비서류 미충족·극도로 불성실한 경우 PT심사에서 제외 / 제안사는 핵심인력 증빙자료 제출 및 인력 변동시 사전 승인 필요 / 인력 교체시 10일 이내 동등 이상의 자격인력으로 교체 / 컨소시엄인 경우 업무분장 및 참여비율 명시 / 제출된 제안서는 반환하지 않음 / 제안 관련 비용은 입찰참가자 부담 / 본 사업 수행에 필요한 모든 비용은 가격입찰금액에 포함', 'working_hours': '통상적인 근무시간(09:00∼18:00)', 'staff_change_policy': '사전에 수요기관과 협의하여 승인을 득한 후 동급 이상의 인력으로 교체하여야 함 / 수요기관이 교체를 원할 경우 상호 협의 하에 교체 투입 / 제안사는 사전에 주관기관에 변경된 인력의 자격에 관한 서류를 제출하고 승인을 얻은 후 참여시켜야 함 / 주관기관은 부적절인 인원에 대해 교체를 요구할 수 있으며, 이 경우 제안사는 10일 이내에 교체하여야 함 / 인력 교체는 보고 시 제출한 핵심인력상황의 인력과 동등 이상의 자격을 갖춘 자로 함', 'deliverable_copyright': 'KUSF와 사업자가 공동으로 소유함을 원칙으로 하되 세부사항은 협의하여 결정', 'deliverables': '사업수행계획서 / 사업 진행현황 보고서(주·월간보고) / 중간보고서 / 최종보고서 / 소프트웨어 개발 보안·취약점 점검 결과 및 조치결과서 / 단위 테스트·통합 테스트 결과 보고서 / 관리자·사용자 매뉴얼(설치·운영·사용 매뉴얼 등) / 업무 사용자 매뉴얼 / 시스템 관리자 매뉴얼 / 인터페이스 정의서 / 프로세스 정의서 / 엔티티 목록 및 정의서 / 테이블 목록 및 정의서 / 데이터코드 목록 / 시스템 구성도(안) / 사업수행계획서 관련 첨부서식(일반현황 및 연혁, 자본금/매출액 현황, 최근 3년간 주요사업 실적, 근무경력확인서, 기술경력확인서, 소프트웨어 수행실적 확인서, 소프트웨어 하도급 계약승인신청서, 하도급 대금지급 비율 명세서, 하도급 적정성 판단 자기평가표, 기술적용계획표, 소프트웨어 개발사업의 적정 사업기간 종합산정서) / 개발 요구사항 분석 보고서 / 소스코드 / 시스템 설계 문서 / 검사 산출물 / 통합대상 기관 요구사항 정의 및 검토결과 / 일정관리·성과관리·품질관리 관련 산출물 / 사용자 지침서·운영자 가이드(디지털형태) / 온라인 홍보물(시스템 로고, 배너 등) / 형상관리 및 배포 방안 / 정기·비정기 보고서(착수보고, 주간·월간보고, 중간보고, 완료보고, 이슈/위험 보고 및 조정)', 'organization_founding_year': '2010년'}",0.9523809523809523,0.7281746031746033,1.0,0.47619047619047616,69.03768271728762,50,C1,R2,G1
(재)예술경영지원센터_통합 정보시스템 구축 사전 컨설팅.pdf,21,54,"{'project_name': '2024 시각예술 정보시스템 운영 유지보수', 'agency': '재단법인 예술경영지원센터', 'purpose': '미술진흥법 제23조에 의거 통합미술정보시스템 구축·운영 및 통합미술정보시스템으로의 시스템 개편 및 고도화 전략 수립을 위한 기반 마련 필요성과 이용자 기반의 통합미술정보시스템 구축 방향 수립을 위한 사전 분석', 'budget': '50,000,000(금 오천만원/VAT포함)', 'contract_type': '경쟁입찰 후 협상에 의한 계약', 'deadline': 'NOT_FOUND', 'duration': 'NOT_FOUND', 'requirements_must': '가상사설망(검증필 암호모듈 탑재 필수) / 네트워크 접근통제 / 망간 자료전송(2022.1 이전 인증제품) / 안티 바이러스(성능평가로 도입 가능) / 패치관리 / 스팸메일 차단 / 서버 접근통제 / DB접근 통제 / 스마트카드 / 디지털 복합기 (비휘발성 저장매체 장착 제품에 대한 완전삭제 혹은 암호화 기능) / 소스코드 보안약점 분석도구(성능평가로 도입 가능) / 스마트폰 보안관리 / 소프트웨어기반 보안USB(2020.1.1이전 인증제품, 검증필 암호모듈 탑재 필수) / 호스트 자료유출 방지(2021.1.1이전 인증제품, 매체제어제품 포함, 자료저장 기능이 있는 경우 국정원 검증필 암호모듈 탑재 필수) / 네트워크 자료유출방지(2021.1.1 이전 인증제품) / CC인증서에 명시된 제품과 동일 제품 여부 / 소프트웨어기반 보안USB(검증필 암호모듈 탑재 필수) / 호스트 자료유출 방지(매체제어제품 포함, 자료저장 기능이 있는 경우 국정원 검증필 암호모듈 탑재 필수) / 망간 자료전송 / 네트워크 자료유출방지 / 네트워크 장비(L3 스위치 이상) / 가상화관리제품 / 보안취약점 및 보안약점 점검·조치 / 모바일 서비스(앱·웹) 등 보안지침 준수(모바일 전자정부 서비스 관리 지침, 국가·공공기관 모바일 활용업무에 대한 보안가이드라인) / 민간 클라 사용자 인증은 전자서명 또는 행정전자서명을 기반 / 네트워크 장비 및 네트워크 보안장비에 백도어 없어야 하며 보안기능 취약점 발견 시 개선·조치 / 전자정부법 및 국가정보보안기본지침 등 관련 규정 준수 / 국정원 검증필 암호모듈 탑재·사용 대상 제품(예: PKI제품, SSO제품(보안기능 확인서 또는 CC인증 필수), 디스크·파일 암호화 제품, 문서 암호화 제품(DRM)(보안기능 확인서 또는 CC인증 필수), 메일 암호화 제품, 구간 암호화 제품, 하드웨어 보안 토큰, DB암호화 제품(보안기능 확인서 또는 CC인증 필수)) / 보안기능 확인서 또는 CC인증 필수제품 유형군(국제 CC인 경우 보안적합성 검증 필요) / 통합보안관리(통합로그관리 포함) / 웹 응용프로그램 침입차단 / DDos 대응(성능평가로 도입 가능) / (네트워크)침입차단 / (네트워크)침입방지(침입탐지 포함) / 인터넷 전화 보안 / 무선침입방지 / 사용자·관리자·외부 이해관계자·일반인 대상 서비스 구현시 외부시스템 전문가의 검증 필수 / 1차 서비스(안) 최소 10개 이상 제출 및 각 서비스별 항목(서비스명, 서비스 형태, 사용 데이터, 데이터 활용 방법, 목표 대상, 필요 SW 정보, 구현 가능성, 예상 문제점, 해결 방안, 서비스 제안 배경) 제시 / 연구보고서 HWP 제출 / 연구데이터(원자료 및 가공데이터), 심층인터뷰 녹취록, 자문회의록 제출 / 수집 자료 일체(USB 등 저장매체) 및 검수보고서 5부, 저장매체 3개 제출 / 투입인력은 조사·데이터분석·개발·구축에 직접 참여하거나 유사 프로젝트 참여 경험자 포함(권장) / 투입인력 자격·경력·유사사업 참여 실적 증빙 제출 / 용역사는 계약 체결 시까지 참여 인력 증빙서류를 발주기관에 제출하여 확인 득한 후 투입 / 용역사는 본 사업 수행을 위해 필요한 작업장소 등 상호협의 결정', 'eval_items': '기술평가:90 / 가격평가:10', 'price_eval': '기획재정부 계약예규 「협상에 의한 계약체결기준」에 따라 가격평가 실시 / 경쟁입찰 후 협상에 의한 계약', 'eligibility': '「국가를 당사자로 하는 계약에 관한 법률」 시행령 제12조 및 동법 시행규칙 제14조에 의한 유자격자 / 나라장터(G2B)에 입찰마감일 전일까지 입찰참가자격 등록자 / 공고일 현재 법정관리·화의개시 중이 아니고 부정당업자가 아닌 자 / 대기업 및 중견기업 소프트웨어사업자 참여 불가(사업금액 20억원 미만에 따른 과학기술정보통신부 고시) / 「독점규제 및 공정거래에 관한 법률」제31조에 따라 지정된 상호출자제한기업집단에 속하는 기업 참여 불가 / 투입인력은 조사·데이터분석·개발·구축에 직접 참여하였거나 유사프로젝트 참여경험 있는 전문인력 포함(권장) / 제안업체 소속 임직원이어야 하며 입찰공고일 전날부터 제안서 평가일까지 계속 재직(사업관리자(PM)) / 개인(프리랜서) 자격으로 주관사업자·공동수급자 등에 소속되지 아니한 자는 사업수행 인력 참여 제한', 'evaluation_date': '2024.04.25.(목)', 'system_url': 'http://www.k-artmarket.kr', 'bid_inquiry_contact': '입찰 진행 절차 - 경영지원팀 김소진 주임(02-708-2212) / 용역 과제 내용 관련 - 시각정보팀 김수환 주임(02-2098-2946) / 나라장터 시스템 안내 - 정부조달 콜센터(전화 1588-0800)', 'submission_docs': '정량 제안서(신용평가등급확인서) 1부 / 정성 제안서(증빙로부터 원 입찰참가 서류 관리를 위한 보유기간까지(10년)라. 동의를 거부할 권리와 거부에 따른 불이익) 1부 / 제안서서류(행정기관 및 공공기관 정보시스템 구축서류 포함) 1부 / 발표자료 1부 / 기타자료(법인등기부등본, 경쟁입찰참가자격, 법인인감증명서 등) / 기술적용계획표 / 개인정보 수집･이용･제공 동의서 / 확 약 서 / 일반 현황 및 연혁 / 제안사 조직 및 역할 / 외주 용역사업 보안특약 / 비밀유지계약서 / 표준 개인정보처리 위탁 계약서(안) / 보안서약서(개인용) / 대표명의 보안서약서 / 정보화 용역사업 정보보안 체크리스트(월별 점검용) / 정보화 용역사업 정보보안 체크리스트(종합․현장점검) / 정보화 용역사업 인수인계 확인서', 'evaluation_committee': '인 내외로 구성된 평가위원회 / 위원은 예술경영지원센터에서 선정 / 평가 위원 : 외부 전문평가위원 5', 'submission_method': '전자제출(조달청 e-발주시스템에 등록)', 'result_notification': '나라장터를 통한 발표 및 개별 통보', 'schedule_structure': '사업자 선정 / 환경 및 현황분석 / 통합미술정보시스템 구축 데이터 분석 및 설계 / 통합정보시스템 벤치마킹 사례 조사 / 비전 및 전략 수립 / 통합미술정보시스템 서비스 개발 / 보고 (착수보고 / 중간보고 / 결과보고)', 'report_submission_format': '서술식으로 작성된 연구보고서를 한글(HWP) 형태로 제출한다.', 'price_eval_disqualification': '가격제안서(입찰서)의 입찰가격이 사업금액(추정가격에 부가가치세를 더한 금액)을 초과하는 자는 협상적격자에서 제외합니다.'}",0.8095238095238095,0.5992063492063492,1.0,0.6666666666666666,76.83058043087419,50,C1,R2,G1
2025 구미 아시아육상경기선수권대회 조직위원회_2025 구미아시아육상경.pdf,21,59,"{'project_name': '2025 구미아시아육상경기선수권대회 종합정보시스템 및 홈페이지 등 구축 용역', 'agency': '2025 구미아시아육상경기선수권대회 조직위원회', 'purpose': '성공적인 대회 운영과 개최를 위하여 대회를 널리 알리고자 대회정보와 행사정보 등을 제공하고자 함 / 계측장비, 운동장 전광판, 음향·방송기기 등과 연동하여 경기 일정, 결과, 기록, 인적자료 등의 각종 데이터를 신속하게 전달하고 데이터화 하기 위한 통합 시스템 필요 / IT 기술과 관련 소프트웨어 기술을 바탕으로 종합정보시스템을 운영하여 대회 관계자와 선수, 관객에게 편의제공 및 대회 운영·관리의 효율성을 높여 2025 구미아시아육상경기선수권대회의 성공개최를 도모하고자 함', 'budget': '260,000,000원', 'contract_type': '협상에 의한 계약', 'deadline': 'NOT_FOUND', 'duration': 'NOT_FOUND', 'requirements_must': '시스템 자료의 파손·변질·분실 대비 백업 대책 제시 / 시스템 보안사고·데이터 위변조 및 손실·장애 발생에 따른 신속한 데이터 복구 대책 제시 / 단위·통합·시스템·성능시험 등에 대한 방안 제시 / 구축 완료 시까지 지속적 테스트 및 결과 모니터링·반영 / 실제 데이터(오류 데이터 포함)를 입력하여 테스트 진행 / 서비스 개시 전 성능점검 시행 / 시스템 인계 후 안정화를 위한 운영조직 구성 / 용역 수행에 필요한 자재 및 개발 장비 일체는 용역사업자 부담 확보 / OWASP Top 10 및 국가사이버안전센터·홈페이지 보안관리 매뉴얼·웹 개발보안 가이드의 취약점 고려 및 사업 완료 전까지 서버·웹 취약점 점검·조치 완료 / 웹 표준·웹 호환성·웹 접근성·개발 보안 준수 / 홈페이지 검색엔진 최적화(SEO) / 시스템다운 시 안내페이지 표출 방안 제시 / 홈페이지 소스 secure코딩 및 개인정보 취약점 점검·제거 / 다양한 브라우저 호환(Edge, Chrome, Safari 등) / 무정지 서비스 대책 마련 / 최신 트렌드·반응형 웹 적용 디자인 / UX 기반 구조 구성 / 메인·서브 내비게이션 UI 제공 / 개인정보입력 최소화 및 암호화 적용 / 주민등록번호 수집 전면 금지 / 정부 지침 및 저작권법 준수 / 국가표준기술 가이드라인 준수 및 웹 표준 준수율 95% 이상 / 모든 이미지에 대체 텍스트 제공 / 사업 대상 시스템 성능 고려한 개발 방안 제시 및 성능 모니터링 / 사용자가 입력한 오류 메시지 정보 입력 후 3초 이내 표시 / 기존 장비 활용 및 기술지원·가이드 제공 / 품질보증 조직 구성 및 에러 측정·조치 / 검수 후 1년 이내 하자담보책임 / 기술이전 및 교육 실시 / 무상 하자보수 기간 중 신속한 유지보수 대응 / 개인정보 암호화 기능 구현 / 개인정보보호법 및 안전성 확보 조치 기준 준수 / 전원기동(CMOS)·윈도우로그인·화면보호기 비밀번호 9글자 이상 영문자·숫자 조합 설정 / 비공개·대외비 자료 전자우편 수·발신 금지 및 접속 제한 사이트 이용 제한 / 산출정보 보안교육 결과서·보안서약서·보안확약서 제출 / 정보누출금지대상정보 비공개 및 관련 보안조치 시행 / 모든 개인정보 유출 방지를 위한 암호화 구현 / 시스템 메모리 최대부하 시 90% 미만 사용 / 정상 상태에서 CPU 백그라운드 작업 시 50% 이하 사용 / 모든 질의는 요청 후 3초 이내 결과 표시', 'eval_items': '기술능력평가:90 / 가격평가:10', 'price_eval': '입찰가격 평점산식에 따름 / 협상에 의한 계약 및 협상을 통해 가격협상', 'eligibility': '「소프트웨어 진흥법」 제58조에 의한 소프트웨어사업자(컴퓨터관련서비스사업, 업종코드: 1468)로 등록된 자 / 입찰 참가자는 최근 연도에 결산 신고된 소프트웨어사업자 일반 현황 관리확인서를 제출하여야 함 / 「중소기업제품 구매촉진 및 판로지원에 관한 법률」 제8조 및 같은 법 시행령 제9조에 의한 유자격자로서 중소기업 제품 공공구매 종합정보망에 직접생산증명서를 소지한 업체(정보시스템개발서비스 세부품명번호: 8159901) / 입찰 마감일 전날까지 발급된 것으로 유효기간 내에 있어야 함 / 「중소기업 기본법」 제2조에 따른 중·소기업자(소상공인 포함)로서 중·소기업·소상공인 확인서를 소지한 업체 / 법인등기부상 본점이 경상북도 소재(입찰공고일 전날부터 입찰일까지) / 낙찰자는 계약체결일까지 법인등기부상 본적이 경상북도에 소재 / 상호출자제한기업집단 소속 회사 및 대기업·중견기업은 참여 불가 / 공동수급(컨소시엄) 형태 입찰 불가', 'system_function': 'Start List 생성 및 조 편성 / 경기 일정 제공(종목별, 일자별, 경기장별) / 출전선수 등록 및 심판·임원 배정 / 경기 결과 입력(실시간 자동·수동) 및 점수·기록 처리·검증 / 결선 진출·순위 처리 및 출발 순서 배정 / 메달 집계 및 신기록 관리 / 전광판·방송장비·홈페이지 등과 실시간 연동(양방향) / 보고서(PDF, Excel) 출력 및 배포 / 사용자·접근권한 관리 및 등록카드 발급·관리 / 시스템 모니터링·백업·장애복구', 'system_interface': '계측장비 / 대회홈페이지 / 전광판 / 방송장비 / 보고서 관리 시스템 / 홈페이지 / 외부시스템(포털시스템: 카카오, 네이버, 구글 등) / 촬영장비 / 주관방송사업자의 방송장비 / 믹서기', 'service_method': '입력한 경기 결과를 실시간으로 홈페이지에서 확인 가능 / 실시간 연동한 출력 / 실시간으로 입력 후 전광판 및 방송 송출 화면 출력 / 온라인으로 경기 결과 입력 기능 / 기록지/기타 입력장치를 통한 종목별경기결과 통한 종목별경기결과 자동 입력(실시간) / 수동 입력(실시간)', 'operation_staff': '대회시작 4일전~대회 종료일', 'staffing': '최소 14명 이상', 'security': '주관 사업자 및 수행업체에 의한 사업 관련 자료 보유·외부 유출·누설 금지 / 비공개·대외비 자료 및 비밀자료는 전자우편으로 수·발신 금지 / 인터넷 이용 시 접속 제한 사이트 및 파일공유 사이트 접속 금지 / 개인소유 PC 및 보조기억장치 반입·반출 통제 / 장비 반출입 시 백신 등 보안프로그램 설치 여부 확인 및 악성코드 감염여부 점검 / PC·노트북·USB 등 이동식 매체 반출 시 데이터 완전 삭제 또는 불용 처리 / 소스 코드 및 S/W 산출물의 복사·전재·임의 유출 금지 / 참여인원 보안서약서 제출 및 임의교체 불가 / 보안교육 및 점검 실시(보안교육 결과서 제출) / 출입 보안·통제구역 출입제한 실시 / 문서의 보안등급 부여 및 등급별 권한관리 / 생성 문서는 별도 장치에 안전 보관 / 폐기되는 문서는 안전한 방법으로 폐기 / 네트워크 관리자 접속계정 기본 비밀번호 변경 및 복잡도 높은 비밀번호 사용 / 서버 사용자·패스워드 관리(길이 및 주기 제한, 불필요한 디폴트 계정 삭제) / 서비스(FTP, Telnet 등) 제공 여부 점검 및 제한 / OS 취약점 관리 및 정기적 바이러스·해킹 검사 / 홈페이지 이용자 개인정보 입력 최소화 및 암호화 적용 / 주민등록번호 수집 전면 금지', 'performance': '모든 질의는 사용자가 요청하는 시간으로부터 3초 이내에 그 결과값을 보여줘야 함 / 평균 응답 시간은 시스템을 사용하는 동시 사용자가 최대 사용자 수의 90%를 초과하는 경우 미적용함 / 한계 인원 이상 접속 시 해결 방안 제시해야 함', 'maintenance': '검수일로부터 1년', 'eligibility_large_company': '대기업 및 중견기업은 입찰에 참여할 수 없습니다. 하도급 또는 자사 인력 파견 형태로도 입찰에 참여할 수 없습니다. 공동수급(컨소시엄) 형태의 입찰 불가. 상호출자제한기업집단 소속 회사 및 대기업·중견기업은 입찰에 참여할 수 없습니다.', 'subcontracting_policy': '본 사업은 하도급을 불허함'}",0.9047619047619048,0.6934446505875078,1.0,0.5714285714285714,73.69293290337046,50,C1,R2,G1
경기도 안양시_호계체육관 배드민턴장 및 탁구장 예약시스템 구축 용역.pdf,21,79,"{'project_name': '호계체육관 배드민턴장 및 탁구장 예약 시스템 구축용역', 'agency': '안양시', 'purpose': '고객의 니즈를 시스템에 즉시 반영하기 위한 웹 기반의 홈페이지 및 키오스크 예약관리시스템 구축 필요 / 이용회원의 편리성 및 운영 효율성을 위한 자동화시스템 구축 필요 / 키오스크에서 예약 및 사용신청이 가능하도록 구축하여 안내데스크로 집중되는 고객 업무 분산으로 신속 응대 개선 필요 / 자동화 서비스 도입으로 센터 이용객과 대면·비대면 다양성 확보 필요 / 무단이용자 이용을 차단하고 안전하게 시설한 시설관리 대책 마련 필요 / 매년 강화되는 개인정보보호법에 맞춰 시큐어 코딩을 적용한 회원관리 프로그램 개발을 통해 시민 개인정보를 안전하게 수집·이용하고자 함', 'budget': '49,500천원(부가가치세 포함)', 'contract_type': '제한경쟁 입찰 후 협상에 의한 계약 / 선협상', 'deadline': '입찰공고서 참조', 'duration': '계약일로부터 120일간', 'requirements_must': '시험운영은 개발 초기부터 구축 완료까지 지속 실시 / 테스트 결과를 반영하여 오류사항, 미비점 등은 즉시 보완 적용 / 발생 가능한 상황에 대한 시나리오를 작성하여 테스트 실시 / 검수 전 최소 2회 이상 통합테스트 실시 / 전 시스템 운영환경, 응용프로그램 및 데이터 등 시나리오 기반의 모든 테스트 실시 / 차수별 테스트 실시결과 및 보완·조치결과 보고서 제출 / 단위테스트 계획서 및 결과서 제출 / 통합테스트 계획서 및 결과서 제출 / 보안 관련법규 준수 및 대외 보안유지 철저 / 관리자 페이지는 별도 도메인 URL 사용하고 홈페이지 메뉴에 노출시키지 않아야 함 / 관리자 페이지 접속기록 표시 및 유지 / 개발 시 정품 소프트웨어 사용 / 개인정보 노출 방지를 위한 기술 적용 / 고객이 선택할 경우 비밀글 작성 가능하도록 조치 / 품질보증 범위 및 품질보증을 위한 조치, 절차, 점검방법 제시 및 관리 / 성능을 고려한 개발 방안 제시 / 성능문제 발생 시 부하 테스트 및 분석결과 제시 / 관리자 및 일반사용자를 위한 매뉴얼 제공 / 자료관리 담당자 표시 및 HTML 정보 수정 기술 지원 제공 / DB 설계서, 테이블 상세 명세서, 메타데이터 명세서 등 필수 산출물 제공 / 시스템은 24시간, 365일 중단 없이 지속 운영되어야 함 / 시스템 결함 발생 시 4시간 이내 즉시 조치하여 재가동 / 장애 상황별 대응방안 및 지원체계 마련 / 각종 중앙부처 및 공공기관의 관련 지침 및 가이드라인 준수 / 발주자가 연계 요청하는 시스템과 정상 연동되도록 개발 / 표준화, 확장성, 재사용성 고려하여 유지관리가 용이한 형태로 개발 / 사업 수행계획서 제출 / 착수 시 사업 수행계획서 및 기타 서류 제출 / 과업완료 시 사업 완료보고서 및 기타 서류 제출 / 과업 수행 기술자의 보안확약서 / 사용자 운영 매뉴얼 / DB설계서 및 테이블 상세명세서 / 해당 사업에 관한 보안취약점 점검 및 조치결과 제출 / 계약상대자는 발주자가 제공하는 시스템환경(서버, 네트워크 등 인프라)을 활용하여 사업 추진 / 현장예약은 발주처 기존 운영 중인 키오스크에 연계되어 개발되어야 함 / 운영 중인 안양도시공사 홈페이지 환경으로 예약 시스템 구축 / 입장가능시간을 시스템 환경설정에서 설정가능해야 하며 시스템이 입장허용/거부 처리해야 함 / 할인적용 편의 기능 제공 및 비대면 자동화 시스템에서 할인 내역 관리 가능 / 모든 비대면 자동화 시스템 프로그램은 단법 소프트웨어 사용으로 인한 문제는 사업자 책임 / 해킹, 바이러스 등 침해사고 예방 및 보안대책에 따라 과업 수행 / 과업수행 기술자에 대한 정기 보안교육 실시 / 과업관련 자료는 웹 하드, 웹 메일 등 외부에 저장하거나 전송 금지 / 내·외부 통신망 사용, 전산장비 반·출입 및 저장매체 사용 시 발주자 감독관의 사전승인 필요 / 취득·사용한 모든 자료는 다른 용도로 사용 불가하며 과업종료 시 발주자 감독관 입회하에 전량 삭제·파기 / 정보 유출 시 사업자가 민·형사상 책임 / 보안위반 시 보안위약금 발생 가능 / 회원가입, 로그인·로그아웃 등 개인정보 송·수신 구간에 암호화 적용 / 개인식별정보는 암호화하여 저장하고 소스코드에 직접 하드코딩 금지 / 비밀번호 일방향 암호화 조치 / 비밀번호 입력 시 마스킹 처리 / 관리자라도 화면에 해당 정보 그대로 노출 금지 / 본인확인 인증 및 일정시간 이상 미이용 시 자동 로그아웃 조치 / 과업에 대한 시험 및 검사를 수행하여 최종 산출물을 인도한 날로부터 보장책임기간 1년', 'eval_items': '총 계:100 / 기술능력평가 점수:90 / 입찰가격 평가점수:10 / 정량적 평가:20 / 정성적 평가:70 / 경영상태:6 / 사업수행실적:6 / SW 기술인력 보유상태:6 / 사회적 책임:2 / 전략 및 방법론:10 / 기술 및 기능:22 / 성능 및 품질:18 / 프로젝트 관리:10 / 프로젝트 지원:10 / 입찰가격평가:10', 'price_eval': '입찰가격 평점산식에 따라 평가 / 가격평가는 조달청 협상에 의한 계약체결 기준에 의거 입찰가격 평점산식에 따라 평가 점수 산출', 'eligibility': '지방자치단체를 당사자로 하는 계약에 관한 법률 시행령 제13조 및 동법 시행규칙 제14조에 의한 경쟁 입찰 참가 자격요건을 갖춘 업체 / 공고일 현재 소프트웨어진흥법 제24조에 의거 소프트웨어사업자로서 컴퓨터 관련 서비스사업(업종코드 : 1468)으로 등록된 업체 / 정보시스템개발서비스(세부품명번호: 8159901) 직접생산확인증명서 소지한 자 / 「중소기업기본법」제2조에 따른 중·소기업자 또는 「소상공인 보호 및 지원에 관한 법률」제2조에 따른 소상공인으로서 <중·소기업·소상공인 확인서>를 소지한 자 / 보유인력은 입찰공고일 기준 소속업체에 재직하고 있으면서 관련 경력보유 기술자에 한정 / 한국소프트웨어산업협회에서 발급받은 소프트웨어기술자 경력증 또는 경력증명서 제출 / 4대보험 중 택 1 제출 / 보유상태 증빙서류(소프트웨어기술자 경력증 또는 경력증명서, 등급평가에 필요한 경력 서류(자격증, 졸업증명서 등))', 'budget_vat': '부가가치세 포함', 'negotiation_threshold': '기술능력평가분야 배점한도의 85% 이상', 'system_platform': '반응형 웹 기반 / 웹 기반의 홈페이지 (안양도시공사 홈페이지 환경)', 'membership_policy': '아니오', 'concurrent_users': '100명 이상', 'test_count': '최소 2회 이상', 'failure_response': '4시간 이내', 'training_target': '발주자의 관리자 및 담당자', 'training_cost': '사업자', 'log_retention': '1년 이상'}",0.8095238095238095,0.4536630036630037,1.0,0.5714285714285714,70.97930560984585,50,C1,R2,G1
경기도 평택시_2024년도 평택시 버스정보시스템(BIS) 구축사업.pdf,21,106,"{'project_name': '2024년 평택시 버스정보시스템(BIS)구축사업 용역', 'agency': '평택시', 'purpose': '평택시 시민들에게 대중교통 이용편의증진 및 서비스 수준 향상을 위한 버스정보시스템(BIS) 고도화 및 버스정류장 안내단말기 확충을 통해 버스이용자에게 시·공간의 제약 없이 정보를 제공하고 광역 시스템과의 호환성·상호운영성 확보', 'budget': '￦999,494,600원(부가세 포함)', 'contract_type': '협상에 의한 계약', 'deadline': '입찰당일 제출', 'duration': '착수일로부터 ∼ 2024. 10. 31.', 'requirements_must': '시스템은 365일 무중단 서비스 제공 / 백업환경 구축 및 주기별 백업 진행 / 장애 발생 시 관리자에게 정보 전달 및 신속 복구 / 인터페이스는 관리자·장애인·고령자 등이 쉽게 접근 가능하도록 구현 / 지도기반으로 접근하여 관리 가능하도록 구축 / 인터페이스 기능과 방법은 관리자용 매뉴얼로 제공 / 시스템 업그레이드 변경절차 기술 / 릴리즈(패치)는 자동으로 이루어지도록 구현 / 하자보수기간은 1년 / 시스템 확장 시 성능저하 없이 처리용량 선형적 증가 / 개발(보완)시스템은 기존시스템과 완벽한 호환성 유지 / 사용자 인증·접근제어·데이터 무결성·데이터 복구·보안정책 및 지침 준수 / 사용자 계정 및 패스워드 관리 보안정책 설정 / 시스템 접근 권한 제한 및 분리 / 파일시스템 보안강화 / 올바른 시스템 구성 및 지속적 패치 / 시스템 Log 분석·감사 및 접근 통제 / 사업내용 등 일체의 보안사항 사업수행중·종료후 유출 금지 / 보안사고 발생 시 관련법에 따른 책임 부담 / 네트워크 구축 시 상호 연계시 SSL VPN 경유 통신 / 응용프로그램 취약점 보안 및 비인가자 무단 접속 방지 / 업무구분에 따른 계정 및 권한 통제 / 응용프로그램별·단위 업무별 접근통제 / 특정 시간대별 접근통제 / 응용프로그램 사용상태 관리 / 비인가자 전산실 출입 통제 및 기록·추적 / 출력물·저장매체·중요 장비의 안전한 저장·보관 / 데이터의 주기적 백업 / PC 보호(계정·권한 통제, CMOS 패스워드, 화면보호기 패스워드 설정, 파일공유 금지 또는 암호화, 백신 설치 등) / LAN·WAN·인터넷·전용선 등을 통한 신뢰성 있는 정보 전송 확보 / 침입차단·침입방지시스템 운영 / 특정 패킷 필터링 / 불필요한 데몬·서비스 제거 / 네트워크 Logging 관리 / 센터간 연결은 VPN 통해 통신 처리 / 원격지 개발 관련 보안사고 대응방안 및 구체적 개발방법 제시 / 원격지 보안관리대책(시설장치, 출입통제 등) 실시 / 프로젝트 사무실·중요장비 설치장소 출입보안 / 개인소유 PC 및 보조기억장치 반입·반출 통제 / 생성문서 별도 잠금장치 보관 및 안전한 폐기 / 문서 보안등급 부여 및 차별화된 권한관리 / 시스템 구축에 따른 단위시험·종합시험은 발주기관과 협의 후 승인 / 단위시스템별 전환 및 시험계획과 종합적 전환·시험계획 마련 / 단계별 시험계획 작성 및 시험절차·시험기준 제시 / 시험계획에 따른 현장장비 시험 병행', 'eval_items': '기술제안서:80 / 가격제안서:20 / 경영상태:4 / 신인도:4 / 기술인력 참여 현황:6 / 유사사업의 실적:6 / 정성적 평가(시스템 개요 등 세부항목 포함):60 / 정량적 평가(경영상태 등 포함):20', 'price_eval': '가격제안서 20%', 'eligibility': '지방자치단체를 당사자로 하는 계약에 관한 법률 시행령 제13조 및 동법시행규칙 제14조 규정에 의한 자격을 구비한 업체 / 소프트웨어진흥법 제24조 및 제58조 규정한 소프트웨어사업자(컴퓨터관련 서비스업 분야)로 신고한 업체 / 중소기업제품 구매촉진 및 판로지원에 관한 법률 제9조에 의한 직접생산확인증명서(전산업무(소프트웨어개발)분야의 ‘정보시스템개발서비스’)를 소지한 자(전자입찰서 제출 마감일 전일까지 발급된 것으로 유효기간 내에 있어야 함) / 직접생산확인증명서[버스및차량정보안내장치(4321151403)]를 소지한 자(전자입찰서 제출 마감일 전일까지 발급된 것으로 3년이상 3년미만 계) / 최근2년 내 행정처분(입찰참가자격 제한 및 영업정지처분)을 받은 사실이 없는 자 / 전자입찰서 제출 마감일 전일까지 정보통신공사업법 제14조에 따른 정보통신공사업 등록업체 / 사업금액이 20억원 미만이므로 대기업 및 중견기업 소프트웨어사업자는 참여 불가 / 공동수급 시 관련 서류(공동수급표준협정서 등) 제출(2개 업체 이내로 제한)', 'scope_area': '평택시 전역(버스정보안내단말기가 설치된 주요 버스정류장) / 평택시 모든 도로의 버스정보 제공대상 정류소 및 환승거점을 포함한 주변 인근지역', 'center_system_functions': '경기도 BMS 연계체계 / 실시간 버스정보 수집, 가공, 제공체계 / 데이터베이스 구조개선 / 버스정보센터 운영단말 소프트웨어 / 경기도 버스종합상황실 및 유관기관과의 정보연계 기능 / 버스정보의 수집·가공·제공 기능 / 사업구간의 버스정류소간 거리·버스 최대속도·전산서버 처리능력 및 정보수집·제공 주기 검토 / 전체 기능의 구조 및 자료의 구조 단계별 상세 제시 / 서브시스템별·시스템간 프로세스 정의 및 데이터 흐름도 제시 / 사용자 인터페이스·메뉴체계도·사용자화면 제시 / 서버 안정화(서버 및 DB 구조 개선) / 향후 경기도·수도권·서울시 교통센터와 연계 가능한 모니터링·자동 업그레이드·연계운영·유기적 관리체계 방안 제시 / 시스템 설계 개념도 제시 / 센터 장비 및 하드웨어 개선사항 제시 / 기존 운영시스템 현황 분석(정보수집·가공·제공 전략, 센터장비 및 현장장비 구성현황, 통신방식, 센터 운영프로그램, 지자체 센터 간 정보연계 현황, 기초데이터 분석) / 시스템 시험 및 운영계획(단위시험·종합시험, 전환 및 시험계획) / 응용시스템 처리능력(평균응답시간 3초 이내, 평균 처리시간 3초 이내, 동시접속자수 최대100명, 메모리 사용율 조건) / 사용자 인터페이스 개선(센터운영자용 송·수신·편집·검색 편의) / 장애처리 및 관리 보완', 'quantity_change': '변동될 수 있으며, 사업내용(BIT 설치물량)은 현장 및 교통현황조사 후 변동될 수 있으며, 변동은 해당 분야의 예산범위 내에서만 가능', 'field_test_timing': '계약상대자는 발주기관과 협의하여 본 사업의 현장테스트 계획을 수립하고 제시된 평가항목, 기준 및 일정에 준하여 현장테스트를 실시하여야 하며 이에 소요되는 비용은 계약상대자의 부담으로 한다. / 현장테스트는 단위공정이 완료되는 시점에 발주기관의 입회하에 해당 단위공정의 성능을 평가하여 합격 판정시 다음의 공정으로 진행하도록 한다. / 단위시스템 구축이 완료되면 계약상대자는 발주기관과 협의 하에 시스템의 전반적인 성능평가를 수행하여야 한다.', 'objection_policy': '제안업체는 어떠한 이의도 제기할 수 없다.', 'proposal_omission': '제안서에 누락된 내용 등이 향후 사업추진에 반드시 필요하다고 판단될 경우에는 발주기관의 요구에 의하여 수정되거나 추가 될 수 있으며 이에 따라 변경되거나 추가된 사항은 제안서와 동일한 효력을 가진다.', 'subcontracting_policy': '하도급계약 전에 발주기관으로부터 사전승인을 받아야함 / 하도급 비율은 사업금액의 100분의 50을 초과할 수 없음 / 입찰 시 및 계약체결 시 별지 7호의 소프트웨어사업 하도급계획서를 제출하여야 함 / 하도급계약의 적정성 판단 세부기준에 따라 평가점수 85점 이상인 경우에 한하여 하도급계약을 승인함 / 원도급자의 제안가격 대비 하도급 지급비율을 제안서에 명시하여야 함', 'failure_recovery': '장애(고장)통보를 받은 후 12시간 이내에 수리를 완료 정상 가동토록 해야 한다.', 'warranty_period': '1년', 'test_run_end': '시스템 구축 목표를 달성하였다고 ‘갑’이 판단할 때'}",0.5714285714285714,0.4088554720133668,1.0,0.5714285714285714,74.41467043663275,50,C1,R2,G1
경기도사회서비스원_2024년 통합사회정보시스템 운영지원.pdf,21,89,"{'project_name': '2024년 통합사회정보시스템 운영 지원', 'agency': '경기도사회서비스원', 'purpose': '경기도사회서비스원 통합데이터 및 표준화된 업무 프로세스 운영기반 마련 / 중단 없는 시스템 운영을 통한 안정적 정보서비스 제공 / 정보보안 및 개인정보보호 관리 강화를 위한 정보보안 관리체계 정립 및 주기적 점검‧보완 / 정보서비스 최적의 활용으로 업무 효율 제고를 위한 지속적 시스템 개선', 'budget': '금133,812,000원', 'contract_type': '제한경쟁입찰 / 협상에 의한 계약', 'deadline': 'NOT_FOUND', 'duration': '계약일로부터 ′24. 12. 31.까지', 'requirements_must': '암호모듈 검증서에 명시된 제품과 동일 제품 여부 / CC인증 필수제품 유형군(국제 CC인 경우 보안적합성 검증 필요) / 가상사설망(검증필 암호모듈 탑재 필수) / 호스트 자료저장 기능이 있는 경우 국정원 검증필 암호모듈 탑재 필수 / 소프트웨어기반 보안USB(검증필 암호모듈 탑재 필수) / 웹 호환성: 최근 3년 이내의 모든 버전에서 완벽하게 구동 / 전자정부서비스 호환성 준수지침 준수 / NON-ActiveX 기반으로 최소 상이한 3종 이상(Edge, Firefox, Chrome등) 웹브라우저 지원 / 웹호환성 및 모바일 전자정부서비스 웹호환성 확보 / 초기개발 단계부터 ‘소프트웨어 개발보안 가이드’ 적용 / 본 사업 투입 모든 개발인력에 대해 SW개발보안 교육 실시 / 국정원 및 OWASP Top 웹 보안 취약점 사전 점검 및 제거 / 사업수행 과정 보안: 자료 무단 복사 및 외부반출 금지, 사업 종료 시 자료 전량 회수, 보안서약서 및 사업자 서약서 제출 / 연중 무중단(1일 24시간, 365일) 서비스 제공 가용성 보장 / 시스템 인터페이스의 무결성·데이터 정합성 보장 / 상호운용성 확보(표준기술 적용) / 보안취약점 점검결과 보고서 제출 / 기밀보안 체계 및 개인정보보호 대책 제시 / 백업/복구 및 장애대응 대책 제시', 'eval_items': '기술능력평가:90 / 입찰가격평가:10', 'price_eval': '입찰가격평가(10점) / 협상에 의한 계약체결 기준 준용', 'eligibility': '경력관리기관 발급 경력 증빙자료 / 한국소프트웨어산업협회 발급 경력증명서, 경력확인서, 기술경력증명서 및 기타 경력 증빙서류 / 입찰공고 전일 기준 제안사에 재직 중인 자(재직증명서, 4대보험 가입증명서 제출) / 경력은 ITSQF 직무기술서의 데이터분석·데이터아키텍처·정보기술기획·정보기술컨설팅·응용SW개발·SW아키텍처 또는 데이터분석·데이터아키텍처·정보기술기획·정보기술컨설팅·IT 프로젝트관리 직무분야만 인정 / 중소기업자(중기업, 소기업, 소상공인) / 「소프트웨어 진흥법」제48조 제4항 관련 상호출자제한기업집단 참여 불가 / 직접생산확인증명서 소지업체(세부품명: 정보시스템유지관리서비스 8189901 / 소프트웨어유지및지원서비스 8111229901) / 입찰참가등록일 현재 관련 법령에 따라 자격을 갖춘 업체 / 부정당업자 제외', 'contact_department': 'NOT_FOUND', 'maintenance_target': '통합사회정보시스템', 'incident_response_policy': '장애접수는 24시간 × 365일을 기반, 일상적인 운영시간은 발주기관 규정에 의한 근무시간', 'data_recovery_policy': '12시간 이내에 데이터를 복구해야 함', 'regular_inspection': '매월 1회 정기점검 실시', 'performance_management': '성능진단 요청 시 분석 후 개선 방안 수립·이행 / 정보시스템과 네트워크 상태를 항시 감시하며, Tuning이 필요한 경우 근거 자료를 첨부하여 발주기관의 검토 후 Tuning 실시; 장애 처리를 위해 즉시 Tuning이 필요한 경우 사후 보고 / 성능 개선 처리업무를 월간보고서에 기재 / 반복적인 시스템 과부하 발생, 시스템 성능저하 등의 사유로 성능진단 요청 시 분석 후 개선 방안 수립·이행', 'manpower_grade': '한국 소프트웨어 산업협회에서 공표한 ‘SW기술자 노임대가’내 SW기술자 등급분류 기준표 또는 ‘SW사업대가산정 가이드’내 기술자 노임대가 적용 기준을 준용', 'pm_replacement_policy': '총괄관리자(PM)를 발주기관의 교체 요구 또는 발주기관의 승인 없이 본 사업의 종료 시까지 교체할 수 없음', 'manpower_change': '퇴사 또는 장기 질병 등 부득이한 사정인 경우 최소 1개월 전에 통보하여 발주기관의 승인을 득하고 동급이상의 대체인력을 투입 및 최소 15일의 병행근무를 통해 업무 인수·인계기간을 원칙으로 함. 단, 발주기관이 투입된 인력이 업무수행에 적절하지 못하다고 판단할 경우 특별한 사유가 없는 한 2주 이내에 교체하여야 하며, 교체응하지 않을 시 해당인력 인건비를 지급하지 않음.', 'emergency_contact': '투입인력의 비상연락망을 구축·운영하고 야간 및 공휴일 장애에 대비하여 24시간 무중단 비상대응체계를 수립해야 하며, 비상연락망 내용 변동 시 서면·구두·전화 등으로 발주기관에 신속히 통보하고 서류를 제출해야 함'}",0.7619047619047619,0.5476190476190477,1.0,0.7142857142857143,76.70336610105485,50,C1,R2,G1
경상북도 봉화군_봉화군 재난통합관리시스템 고도화 사업(협상)(긴급).pdf,21,73,"{'project_name': '봉화군 재난통합관리시스템 고도화 사업', 'agency': '봉화군', 'purpose': '인명 및 재산 피해를 최소화 하고 군민의 안전을 도모하기 위함', 'budget': '900,000,000원(부가세 포함)', 'contract_type': '협상에 의한 계약체결 / 제한경쟁입찰', 'deadline': '입찰 공고문 참조', 'duration': '착수일로부터 7개월(210일)', 'requirements_must': 'System Function Requirement / Performance Requirement / System Interface Requirement / DAta Requirement / Test Requirement / Security Requirement / Quality Requirement / Constraint Requirement / Project Management Requirement / Project Support Requirement / 정보시스템 이용 시 보안준수 사항:정보시스템 관리자 페이지에 대한 접근제어 적용 / 정보시스템 비밀번호 작성규칙(영문자, 특수문자, 숫자 등을 포함하여 요구 9자리 이상) 적용 및 비밀번호 실패 횟수 제한 / 정보시스템 기본 계정 및 불필요한 계정 삭제 / 참여인력 대상 별도의 계정 생성(최고 관리자 권한 부여 차단) / 사용이 만료된 계정 즉시 삭제 조치 / 정보시스템 기본 포트 변경 및 불필요한 포트 제거 / 정보시스템 원격 접근 원천적 차단(부득이한 경우 원격신청·작업내역 기록 및 암호화된 원격관리 서비스 사용) / 주기적인 백업 및 백업본에 대한 안전한 보안관리 / 개인정보처리 위탁계약관리:표준 개인정보처리 위탁계약서 준수 / 개인정보처리 시 재위탁 불가 / 개인정보의 안전성 확보조치 기준 준수 / 종합시험 방안 제시:단위시험, 통합시험, 실환경 시험, 성능시험 등 제시 / 시험 계획서에 시험 인력·시험 데이터·시험 절차·방법·시험 일정 및 주기 포함 / 시스템은 24시간 무중단 운영 가능해야 함 / 무상하자보수 기간 최종검수 완료 후 12개월 / 시스템운영 과정 오류는 하자보증기간 동안 무상 개선 / 장애발생 시 기술지원부서·지원인력 비상연락체계 유지 및 대체장비 확보 / 시스템은 제시된 방법론 절차와 과정(개발 표준, 기술 표준 문서화)에 따라 개발 / 사업 추진 시 국가표준 및 보안 관련 법 규정 및 지침 준수 / 표준 산출물 제출(착수보고서, 보안서약서 등)', 'eval_items': '기술능력:90 / 가격:10', 'price_eval': '종합평가점수 방식(기술평가 90점, 가격평가 10점)에 따른 가격평가 점수 반영 및 협상대상자 선정(우선 협상대상자와 협상)', 'eligibility': '지방자치단체를 당사자로 하는 계약에 관한 법률 시행령 제13조 및 같은 법 시행규칙 제14조에 의한 요건 / 소프트웨어사업자(컴퓨터관련 서비스사업, 업종코드:1468) / 정보통신공사업(업종코드:0036) / 「중소기업제품 구매촉진 및 판로지원에 관한 법률」 제9조4항에 따른 정보시스템개발서비스(물품분류번호 : 8159901) 직접생산증명서 보유 또는 동보장치(물품분류번호 : 4322269601) 직접생산증명서 보유 / 「중소기업기본법」 제2조에 따른 중소기업 또는 「소상공인 보호 및 지원에 관한 법률」에 따른 소상공인(중소기업･소상공인확인서 소지) / 나라장터 입찰참가자격 등록 완료(입찰일 전일)', 'legal_basis': '｢재난 및 안전관리기본법｣ 제38조의2(재난 예보‧경보체계 구축‧운영 등)', 'blind_spot_solution': '사각지역 또는 음영지역의 최소화를 위한 무선방식을 활용한 경보장치 확대 구축 / 재난경보방송 가청 범위 확대를 통한 사각지역 해소 / 유선 및 무선방식(LTE, DMB(EWS))을 지원하는 경보장비를 활용한 경보상황 전파 확대', 'security_policy': '사업 행정기관 및 공공기관 정보시스템 구축·운영 지침 및 소프트웨어 개발보안 등을 준용하여 대책 마련 / 로그인 실패 횟수 5회 이상 접속 제한, 동일 사용자 계정 동시 로그인 차단, 로그인 우회 접근 차단 / 중요정보 및 개인정보 전송구간에 암호화 통신 적용 / 사용자 인증정보·개인정보 등 소스코드 하드코딩 금지 / 개인정보 및 중요정보는 각 기준에 맞는 암호화 알고리즘 적용하여 DB에 저장 / 관리자페이지 등 권한별 접근 페이지 구분 및 권한별 접근제어 적용 / 개발·테스트 서버 외부 노출 방지 위한 기술적·물리적 보안대책 마련 / 정보시스템 비밀번호 작성규칙(영문자, 특수문자, 숫자 포함, 9자리 이상) 적용 및 비밀번호 실패 횟수 제한 / 기본 계정 및 불필요한 계정 삭제 / 원격 접근은 암호화된 원격관리 서비스(SSH 등) 사용 / 주기적 백업 및 백업본에 대한 안전한 보안관리', 'resource_limit': 'CPU 평균 사용률은 어느 조건에서도 90%를 초과하지 말아야 한다 / 메모리 평균 사용률은 어느 조건 하에서도 80%를 초과하지 말아야 한다', 'function_requirement_count': '20', 'subcontracting_policy': '본 사업은 하도급을 불허함', 'remote_control_target': '저류지 수문 / 홍수방호벽 / 하천자동차단시스템', 'mobile_app_viewable_results': '위험상황 발생 알림 / 경보방송 수행 결과 / 원격제어 결과 / 문자 수신여부 / 강우현황', 'task_start_deadline_after_contract': '계약체결 후 14일 이내', 'required_documents_for_execution': '착수계, 과업수행계획서, 과업수행자 명단, 보안각서 / 착수보고서 / 보안서약서 / 수시보고서 / 시험 절차서 및 결과서 / 운영자 매뉴얼 / 완료보고서 / 각종 보안서약서'}",0.6190476190476191,0.39852607709750576,1.0,0.6190476190476191,75.19657757721964,50,C1,R2,G1
경희대학교_[입찰공고] 산학협력단 정보시스템 운영 용역업체 선정.pdf,21,56,"{'project_name': '산학협력단 정보시스템 운영 용역업체 선정', 'agency': '경희대학교 산학협력단', 'purpose': '정보시스템의 최적상태 유지 및 운영 효율화·안정적 서비스 제공을 위해 장애·사고 신속 대응, 기능·UI 개선·성능·보안성·정확성 향상, 사용자 요구사항 신속 지원 및 시스템 반영', 'budget': '금400,000,000원원(부가세포함)', 'contract_type': '제한경쟁입찰 / 협상에 의한 계약', 'deadline': '11:00AM 마감', 'duration': '계약체결일 ~ 2026.04.30.', 'requirements_must': '정보 자산의 기밀성과 무결성 확보 / 시스템의 데이터 및 기능, 운영 접근 통제 / 품질관리 요구사항(유지관리 서비스의 품질 향상) / 설계·구축·운영 관련 기술·표준·업무·법제도 등의 제약조건 준수 / 프로젝트의 관리 방법론 및 추진단계별 수행 방안 제시 / 교육 및 기술적 지원 제공 / 운영, 유지관리 대상 및 추진 방향 제시(사업수행 방법론·운영·유지관리 지원체계·절차 구체적 제시) / 효율적인 사업관리 방안 제시 및 협의 수행 / 운영 및 유지관리 방안 제시(개발/운영환경 및 개발플랫폼 포함) / 안정적 운영을 위한 관리 방안 및 지원 절차, 점검 방법 제시 / 투입인력의 교체기준 제시 / 투입인력에 대한 교육 관리(기술, CS, 보안 등) 방안 제시 / 운영·유지관리 대상에 대한 장애 및 사고 관리 방안 / 유지관리 조직 구성 및 참여인력의 수와 등급, 인력 투입 방안, 투입 인력 교체 요구 / 보안규정 준수 / 보안 조치 및 취약점 제거 / 개인정보 보호 / 물리적 보안요건(문서 안전 보관·안전 폐기, 개인 PC 반입 금지 및 사업자 제공, 반입·반출 통제, 악성코드 및 취약점 점검·주기적 업데이트, 경희대학교 보안프로그램 설치) / 자료 및 프로그램에 대한 보안관리 / 참여 인원에 대한 보안관리 / 계약 종료 후 보안사항 준수 / 품질관리(24시간 무중단 운영, 지속적 서비스 모니터링, 정기점검, 비상대응체계, 백업환경 구축) / 소스코드 및 운영업무에 대한 품질보증 활동 / 변경 산출물 현행화 / 불법 SW 사용 금지 및 정품 SW 사용 / 시스템 설계·구현 제약(기존 시스템 영향 금지, 표준 및 호환성 고려, 모듈화, 웹 표준기술 사용, 저작권·지식재산권 준수) / 공통 기술표준 준수(전자정부 서비스 호환성 등 명시된 지침 및 가이드 준수) / 사업수행계획서 제출(계약체결 후 10일 이내) / 개인정보 암호화 및 개인정보보호·정보보안 준수', 'eval_items': '기술평가:80 / 가격평가:20', 'price_eval': '제안가격 (최저 입찰 제시 가격 ÷ 당해 입찰 제시 가격) × 20 / 제안가격 상대평가 / 가격평가 20%', 'eligibility': '공동수급협정서 제출 / 시행령 제12조 및 제21조의 규정에 정한 등록ㆍ실적 등에 의한 입찰참가자격 유지(입찰참가등록마감일 기준) / 주된 영업소의 소재지 기준일은 입찰공고일 전일(지역제한 경쟁입찰 해당) / 입찰참가자격제한기간 만료 전일까지 제한받지 않을 것(시행령 제76조) / 변경신고 후 변경된 상호 또는 대표자 명의로 참가할 것(법인등기부 기준) / 입찰참가신청서 제출 시 대리인은 법인 임ㆍ직원에 한함(재직증명서 등으로 확인) / 부정당업자, 법정관리·면허취소·영업정지 대상자가 아닐 것 / 청산·합병·매각 등 정리절차 중이거나 부도·화의·워크아웃·회생절차 중인 사업자가 아닐 것 / 제안서 제출 시 선정방식과 평가방식에 이의 없음을 확인한 업체(확약서 제출) / 공동수급 및 하도급 불허함 / 투입인력은 주사업자 또는 하도급업체의 자사인력으로 구성할 것 / 투입인력은 성실하고 품행이 단정한 기술지원 인력일 것 / PL은 개발경력 10년 이상 및 SI/SM 사업 PL 경력자일 것 / 투입인력 최소 자격: 넥사크로, OZ, JAVA/JSP, RDBMS(ORACLE 또는 Tibero) 활용 가능자 / 사업영위기간 1년 미만인 법인은 입찰참가자격제한 조치 받은 사실이 없어야 함 / 투입인력 신원조사에 응해야 하며 결격사유가 없을 것', 'project_phases': '2차년도 계속진행 여부 결정 / 1차년도 : 계약체결일 ~ 2025.04.30. / 2차년도 : 2025.05.01. ~ 2026.04.30.', 'second_year_task_start_date': '2025.05.01.', 'incident_response': '정보시스템 장애 및 사고 발생 즉시 보고하고 장애 및 사고 난이도에 따라 2시간 ~ 1일 이내에 장애 및 사고 대응 방안에 따라 조치해야 함', 'key_personnel_qualification': 'PM은 용역 사업 전반적인 사항에 대하여 책임짐 / PL은 정보시스템 운영 및 유지관리, 세부 신규 개발(기획) / 장애 및 사고 대응에 대해 전반적인 관리 역할 수행함 / PL은 주사업자 또는 하도급사업자 소속 정규직이어야 함 / PL은 개발경력 10년 이상 및 SI/SM 사업 PL 경력자여야 함 / 투입인력은 넥사크로, OZ, JAVA/JSP, RDBMS(ORACLE 또는 Tibero) 활용 가능해야 함 / 투입인력은 정보시스템 운영 및 유지관리에 적합한 성실하고 품행이 단정한 기술지원 인력이어야 함 / 투입인력은 주사업자 또는 하도급업체의 자사인력으로 구성해야 함', 'post_contract_security': '최종 산출물 중 대외보안이 요구되는 자료는 산학협력단의 문서관리지침에 따라 관리하고 불필요한 자료는 삭제 및 폐기해야 함 / 산학협력단으로부터 제공받은 제반자료·서류 및 중간·최종산출물 등 모든 자료는 전량 산학협력단에 반납하고 경희대학교 및 산학협력단 보안담당자 입회하에 삭제해야 하며 사업자가 복사본 등 별도 보관을 금지함 / 산학협력단으로부터 제공받은 장비는 산학협력단에 반납해야 함 / PC 등 전산장비 및 전자기록저장매체는 복구가 불가능하도록 조치해야 함 / 사업종료 전 대표자 명의 보안확약서 등을 작성·제출해야 함 / 웹하드·P2P·클라우드·개인메일 등 인터넷 자료공유사이트 및 개인 메일함에 용역사업 관련 자료의 저장을 금지함 / PC 반출시 ‘정보시스템 저장매체 불용처리 지침’에 따라 포맷하고 결과를 제출해야 함 / 사업자가 취득한 모든 정보 및 기밀을 외부에 누설하거나 제3자에게 제공할 수 없음', 'continuous_operation_requirement': '정보시스템은 정상상태에서 매일 24시간동안 무중단으로 운영되어야 함', 'bid_invalid_conditions': '시행규칙 제44조에서 무효로 규정한 입찰 및 다음 각 호의 1에 해당하는 입찰: 1. 입찰자가 직접 입찰을 하지 아니하고 대리인을 통하여 입찰을 할 경우 제7조제2항의 규정에 의한 대리인이 아닌 자가 한 입찰 또는 대리권이 없는 자가 한 입찰 / 2. 동일사항에 대하여 타인이 대리를 겸하거나 2인 이상을 대리한 입찰 / 3. 입찰서의 입찰금액 등 중요한 부분이 불분명하거나 정정한 후 정정날인을 누락한 입찰 / 4. 담합하거나 타인의 경쟁참가를 방해 또는 관계계약담당자의 공무집행을 방해한 자의 입찰 / 5. 입찰자의 기명날인이 없는 입찰(입찰자의 성명을 기재하지 아니하고 대리인 성명 또는 회사명을 기재한 경우 및 입찰참가신청서 제출 시 신고한 인감과 다른 인감으로 날인된 경우도 포함한다) / 6. 입찰서에 기재한 중요부분에 착오가 있음을 이유로 개찰현장에서 입찰자가 입찰의 취소의사를 표시한 것으로서 계약담당자가 이를 인정한 입찰 / 7. 제8조의 규정에 위반하여 소정의 입찰서를 사용하지 않거나 입찰서의 금액을 아라비아숫자로만 기재한 입찰 또는 전산서식에 의한 입찰서를 훼손하거나 전산표기방법과 상이하게 작성ㆍ기재하여 전산처리가 되지 아니한 입찰 / 8. 공동계약의 공동수급체구성원이 동일 입찰 건에 대하여 공동수급체를 중복적으로 결성하여 참여한 입찰, 입찰등록 시 공동수급표준협정서를 제출하지 아니한 입찰 및 공동수급체의 구성원이 5인을 초과하거나 구성원별 계약 참여 최소지분율이 10%미만으로 공동수급체를 구성하여 한 입찰', 'work_location': '산학협력단에서 제공하는 장소', 'personal_pc_usage_allowed': '금지', 'bid_inquiry_contact': '산학협력단 조규호 031-201-3560 khcho@khu.ac.kr'}",0.6190476190476191,0.43894729609015326,1.0,0.42857142857142855,66.86727862141753,50,C1,R2,G1
국방과학연구소_대용량 자료전송시스템 고도화.pdf,21,71,"{'project_name': '대용량 자료전송시스템 고도화', 'agency': '국방과학연구소', 'purpose': '연구데이터 용량 증가에 따른 자료전송 용량 및 방안 개선 필요성 증가 / 복잡한 안전메일의 서비스 이용 절차로 인한 사용성 저하 / 감사기록 및 계정관리 등 보안기능 제한으로 인한 체계관리기능 보강 필요 / 자료송수신체계 노후 인프라 교체로 인한 재연동 및 데이터 이관 필요', 'budget': '입찰공고문 참조', 'contract_type': '협상에 의한 계약', 'deadline': 'NOT_FOUND', 'duration': '계약일로부터 5개월 이내', 'requirements_must': '시스템 및 시스템운영 요구사항 / 대용량 자료전송 관리 / 안전메일 일반 및 요청 / 안전메일 수신 / 안전메일 발송 / 메일/자료 반입 / 메일/자료 반출 / 사용자 편의 기능 / 계정관리 / 일반관리 / 정책관리 / 결재자 관리 / 반입자료 백신검사 / 수신자료 백신검사 / 기타기능 / 보안기술 적용 / 시큐어코딩 가이드 준수 / 보안일반 공통 요구사항 / 데이터 표준화 / 데이터 표준준수 및 표준 관리 / 데이터 구조 설계, 검증 및 관리 / 데이터 값 및 이관 데이터 검증 / 데이터 관리체계 / 전자정부 표준프레임워크 적용 / 개인정보보호법 준수 / SW사업정보 저장소 데이터 제출 / 지식재산권 공동소유 및 SW산출물 활용 촉진 / 기술적용계획 제안 / 시스템 성능 일반 / 품질 관리 방안 / 통합 시험 / 검수 시험 / 메일 및 자료 반출/반입 프로세스 개선 / 대용량 자료전송(반입) 기능 신규개발 / 안전메일 송수신 프로세스 개선 / VPN 기능 제거 및 대용량메일 송수신 인증체계 변경 / 반출입 압축파일 및 실행파일 등에 대해 통제/로깅 기능 강화 / 사용자/관리자 계정관리 관리 및 로그기능 강화 / 사용자/관리자 기능개선(무단연람체계/결재자 관리/사용자 용량관리 등) / 노후 교체 장비에 대한 시스템 연동모듈 재개발 / 노후 교체장비에 대한 정보체계 및 데이터 이관 / 개발범위 및 연계 정보체계의 정보 현행화 / 적용 기술 및 표준프레임워크 적용 / 개발 방법론 / 암호화 제품 도입 및 암호기능 준수(문서 암호화/메일 암호화/구간 암호화/키보드 암호화/하드웨어 보안 토큰/DB암호화 등) / CC인증 필수제품 유형군(국제 CC의 경우 보안적합성 검증 필요) / 침입차단/침입방지/통합보안관리/웹 응용프로그램 침입차단/DDos 대응/인터넷 전화 보안/무선침입방지/무선랜 인증/가상사설망(검증필 암호모듈 탑재 필수)/네트워크 접근통제/네트워크 자료유출방지/망간 자료전송/안티 바이러스/가상화/패치관리/호스트 자료유출 방지(매체제어제품 포함, 검증필 암호모듈 탑재 필수)/스팸메일 차단/서버 접근통제/DB접근 통제/스마트카드/소프트웨어기반 보안USB(검증필 암호모듈 탑재 필수)/디지털 복합기 완전삭제 혹은 암호화 기능/소스코드 보안약점 분석도구/스마트폰 보안관리 / 시스템 성능: 모든 질의는 사용자의 요청 시간으로부터 3초 내에 결과를 보여줘야 함 / 평균 동시 접속자 수 100명 이상 지원 / USER수 4000명 이상 지원 / 현 이중화 구성 유지 및 무중단 운영 / 연구소 제공 HW/SW 활용 및 제안 가능 / 제안 SW는 최신 안정화 버전 납품 및 알려진 취약점 해결 버전 납품 / 시스템 개발 중 로그 모니터링 및 성능 모니터링 / 클라우드컴퓨팅 서비스 이용 불가 / 연구소 지정 군사제한구역에 설치/운영', 'eval_items': '기술평가:90% / 가격평가:10%', 'price_eval': '협상에 의한 계약 (가격평가 10%, 기술평가 90%; 가격평가는 「협상에 의한 계약 체결기준」에 따름)', 'eligibility': '접생산확인증명서[정보시스템개발서비스(세부품명번호:8159901)]를 보유한 업체 / 조달청 입찰참가자격 등록증을 소지한 사업자 / 『국가를 당사자로 하는 계약에 관한 법률』 제27조 및 동법 시행령 제76조에 해당되지 않은 업체 / 소프트웨어진흥법 제58조에 의한 소프트웨어사업자[컴퓨터관련서비스사업(업종코드:1468)]면허 보유한 업체 / 최근년도 결산신고된 SW사업자 신고확인서 제출 / 중소기업제품 구매촉진 및 판로지원법 제6조 및 제9조에 따라 직접생산이 가능한 업체 / 상호출자제한기업집단 소속기업 및 대기업 참여제한 사항 준수 / 공동수급(공동계약) 금지', 'scope_custom': '신규 자료송수신체계 인프라 연동모듈 재개발 및 데이터 이관 / 대용량자료 수집을 위한 자료전송(반입) 기능 개발 / 안전메일(대용량 메일 및 대용량 자료전송)/자료반입/반출 용량 확대 및 전송프로세스 개선 / 자료송수신체계 사용자 편의기능 및 보안기능 개선 / 연구소 외부에서 대용량 자료전송(반입) 기능 신규개발 / VPN 기능 제거 및 대용량메일 송수신 인증체계 변경 / 반출입 압축파일 및 실행파일 등에 대해 통제/로깅 기능 강화 / 사용자/관리자 계정관리 관리 및 로그기능 강화 / 메신저 전화번호 자동입력 개선 및 자동/수동 관리 기능 개발 / 아카이브 기능 개선 / 자료 일괄 다운로드 기능 제공 / 반입자료 백신검사 및 수신자료 백신검사 기능 개발 / 잔여기한 및 보관함 용량 초과 여부에 따른 자동삭제 및 삭제 예정일 표기 개선 / 발송메일 명함삽입 기능 개선 / 회수메일 또는 발송메일 재작성 기능 개선 / 결재대기 중인 건에 대해 결재자 변경기능 개발 / 수동으로 관리되는 결재자에 대한 등록 및 수정 기능 개발 / 수동/자동 생성계정 등 세부검색 가능하도록 조회 기능 개선 / 조직도 및 소속 정보 간 실시간 동기화 개선 / 관리자 계정 등록 기능 개발 / 1회 반입반출 용량은 최대 50GB까지 실시간 전송 가능해야 함 / 대용량 파일에 대한 망간이동 시 최대 동시 이동량 통제', 'improvement_email': '안전메일 간소화 및 서비스 이용 절차 개선 / 안전메일 송수신 프로세스 개선 / 안전메일(대용량 메일 및 대용량 자료전송)/자료반입/반출 용량 확대 및 전송프로세스 개선 / 안전메일 관리 및 사용이력 조회 기능 개발 / 안전메일 일반요청에서 자료 업로드 창구 제공 및 재발송 기능 제공 / 안전메일 요청 시 요청 정보(기간/횟수/핸드폰번호 등) 설정 / 안전메일 업로드 링크 및 다운로드 링크의 OTP 인증 및 정책에 따른 링크 파기 / 악성파일 여부 검사 자동 진행 및 사용자 안내 / 업로드 자료 백신검사/차단 및 다운로드 관리 / 악성 의심파일에 대한 보안담당자 검사 및 오탐지 복구 기능 개발 / 발송된 안전메일 조회 및 재전송 기능', 'response_time': '모든 질의는 사용자의 요청 시간으로부터 3초 내에 결과를 보여줘야', 'security': 'DB암호화 및 KCMVP 적용 / 개인정보 및 패스워드 암호화 저장 / 가상사설망(검증필 암호모듈 탑재 필수) / 호스트 자료유출 방지(...국정원 검증필 암호모듈 탑재 필수) / 소프트웨어기반 보안USB(검증필 암호모듈 탑재 필수) / 암호모듈 검증서에 명시된 제품과 동일 제품 여부 / CC인증 필수제품 유형군(국제 CC인 경우 보안적합성 검증 필요) / 암호화 제품(문서 암호화, 메일 암호화, 구간 암호화, 키보드 암호화, DB암호화 등) / 송수신 정보의 무결성 및 기밀성 보장을 위해 보안강도 256bit 이상의 SSL 적용방안 제안 / 개인정보 및 패스워드 암호화 저장', 'warranty_duration': '1년', 'restriction': '공동수급(공동계약) 금지 / 상호출자제한기업집단에 속하는 회사 입찰 참여 금지 / 대기업 소프트웨어 사업자의 입찰 참여 제한 / 소프트웨어진흥법 제58조에 의한 소프트웨어사업자 면허 보유 필요 / 조달청 입찰참가자격 등록증 소지 필요 / 『국가를 당사자로 하는 계약에 관한 법률』 제27조 및 동법 시행령 제76조 해당되지 아니할 것 / 직·접생산확인증명서(정보시스템개발서비스 세부품명번호:8159901) 보유 / 중소기업제품 구매촉진 및 판로지원법에 따른 직접생산 가능 업체', 'eval_ratio': '기술평가 90%, 가격평가 10%', 'development_methodology': '개발 방법론 제시', 'max_transfer': '1회 반입반출 용량은 최대 50GB까지 실시간 전송 가능해야 함.', 'concurrent_users': '평균 동시 접속자 수 100명 이상을 지원해야 하며 성능저하가 없어야 함'}",1.0,0.7309523809523809,1.0,0.6190476190476191,74.892817766646,50,C1,R2,G1
그랜드코리아레저(주)_2024년도 GKL 그룹웨어 시스템 구축 용역.pdf,21,186,"{'project_name': 'GKL 그룹웨어 시스템 구축사업', 'agency': '그랜드코리아레저(주)', 'purpose': '그룹웨어 및 기록물관리, 사내SNS, 메신저 등 노후화된 시스템 개선과 정부권장정책 대응을 위한 웹기반 최신 그룹웨어 시스템 구축을 통해 업무환경·업무프로세스 개선 및 업무효율성 증대', 'budget': '1,515,000천원 (부가세 포함)', 'contract_type': '제한경쟁입찰 / 협상에 의한 계약체결', 'deadline': 'NOT_FOUND', 'duration': '계약체결일로부터 6개월 (안정화 1개월 포함)', 'requirements_must': '웹 응용프로그램 침입차단 / DDos 대응(성능평가로 도입 가능) / 인터넷 전화 보안 준수 / 무선침입방지 / 무선랜 인증 / 가상사설망(검증필 암호모듈 탑재 필수) / 네트워크 접근통제 / 망간 자료전송(2022.1 이전 인증제품) / 안티 바이러스(성능평가로 도입 가능) / 패치관리 / 스팸메일 차단 / 서버 접근통제 / DB접근 통제 / 스마트카드 / 디지털 복합기(비휘발성 저장매체 장착 제품에 대한 완전삭제 혹은 암호화 기능) / 소스코드 보안약점 분석도구(성능평가로 도입 가능) / 스마트폰 보안관리 / 소프트웨어기반 보안USB(2020.1.1이전 인증제품, 검증필 암호모듈 탑재 필수) / 호스트 자료유출 방지(2021.1.1이전 인증제품, 매체제어제품 포함, 자료저장 기능이 있는 경우 국정원 검증필 암호모듈 탑재 필수) / 네트워크 자료유출방지(2021.1.1 이전 인증제품) / CC인증서에 명시된 제품과 동일 제품 여부 확인 / 보안기능 확인서 필수제품 유형군(소프트웨어기반 보안USB / 호스트 자료유출 방지 / 망간 자료전송 / 네트워크 자료유출방지 / 네트워크 장비(L3 스위치 이상) / 가상화관리제품) / 보안취약점 및 보안약점 점검·조치(모바일 서비스(앱·웹) 등) / 관리적·기술적 보안(SER-001) / 물리적 보안관리(SER-002) / 개인정보의 안전성 확보조치(SER-003) / 사업 수행에 대한 보안대책 수립 및 준수(SER-004) / 보안관리 지침 준수(SER-005) / 소프트웨어개발 보안 원칙(SER-006) / 모바일 서비스 개발 보안(SER-007) / 시큐어코딩 가이드 적용(SER-008) / 인증 및 권한 관리(SER-009) / DB 보안(SER-010) / 분석 설계 개발단계 보안 적용(SER-011) / 보안요구사항으로 원격개발 장소 제시 시 보안요구사항 준수 및 원격개발 장소 보안요구사항(위험요인 식별 및 대응방안 제안) / IP제한에 따른 그룹웨어 접속/차단 기능 / 자동세션 종료시간 설정 / 비밀번호 생성 규칙(영문/숫자/특수문자 혼용 10자이상) / 주기적인 비밀번호 변경 알림 기능 / 개인정보관리 설정 기능', 'eval_items': '기술평가:90 / 가격평가:10', 'price_eval': '조달청 국가종합전자조달시스템에서 실시 / 가격평가는「협상에 의한 계약체결기준」(기획재정부 계약예규)에 따름', 'eligibility': '제한경쟁입찰 참가자격을 갖춘 자 / 부정당업자에 해당하지 않는 자 / 최근 3년간 유사사업(그룹웨어 구축) 수행실적 단일 건 기준 5억원 이상 건수가 1개 이상인 업체 (컨소시엄 모든업체 동일 적용) / 소프트웨어사업자 신고 업체(「소프트웨어 산업진흥법」제24조에 의한) / 공동수급체 구성원은 경쟁입찰 참가자격을 충족하여야 함 / 공동수급체는 5개 이하 구성, 구성원별 최소지분율 10% 이상 / 본 사업은 하도급 불허 / 소프트웨어 진흥법 제48조 제4항에 따라 상호출자제한기업집단 소속 회사는 참여 불가 / 대기업은 본 입찰 참여 불가(대기업간 공동수급 불허) / 중소기업 관련 직접생산확인증명서 소지 업체 제출 요구', 'scope_custom': '그룹웨어 시스템 구축(포털, 전자결재, 내·외부메일 연계, 게시판 등) / 모바일 그룹웨어 시스템 구축(문서열람, 결재 등) / 기록물관리 시스템 구축(기록물 열람·심사·이관, 분류체계관리, 보존포맷 변환 등) / 통합검색 및 시스템 연계·커스터마이징(한글 웹기안기 연동, LDAP/AD 연동, VPN 연동 등) / 사내SNS 및 메신저 시스템 구축', 'migration_scope': '구 전자결재시스템 보유 기록물 / 구 기록관리시스템 및 전자결재시스템 보유 기록물', 'mobile_requirements': '회사 현황 통계(조직 수, 참여형 그룹 수, 구성원수 등) / 컨텐츠 통계(조직/그룹별 포스팅 수, 댓글 수, 공감 수, 구성원 수 등) / 사용자 현황 통계(회원유형, 회원 상태, 성별 등) / 게시물 현황 통계(게시판 유형, 게시판 템플릿, 게시판 속성 등) / 접속 현황 통계 / 상세 통계 협의 필요 / 로그인 및 인증(조직도·계정정보 연동, PC·APP 동시 접속, 자동 로그인/로그아웃) / 조직도 연동(인사 정보 연동, 조직도 트리, 표시형식 여러가지, 전체 검색) / 그룹 관리(부서 등록·상세정보, 조직도·부서 목록, 게시글 푸시 대상 설정, 그룹 권한 관리, 등록·수정·삭제·조회) / 사용자 관리(상세정보 등록·수정·삭제, 사용자 검색, 전체 사용자 목록 및 상세정보, 비밀번호 초기화, 권한 관리) / 계정관리(인사 연계 조직도, 프로젝트 검색, 기간별·사용자별 접속 통계, 사용 통계 항목, 관리자 IP 접근제어, 접속 이력 관리) / 메신저 기능(조직도 기반 개인/그룹 채팅 및 쪽지, 즐겨찾기, 접속상태 정보, 파일 전송/조회/다운로드, 검색, 서버 저장, 대화방 기능들) / 푸시 알림(메신저·그룹웨어 연동 알림, PC/APP PUSH, 개별 알림 설정) / 그룹웨어 연동(결재 연동, 인사조직도, 결재·메일 카운트 정보, SLO/AD 연동 링크 제공) / 관리자 기능(서버 모니터링, 관리자 관리, 모바일 그룹웨어 연동 기능 등) / 기기 관리(운영체제·기기·해상도 최적화, OS 버전 상향, 앱·디바이스 관리, 접근권한 관리, 배포·업데이트, 사용 통계, 지원 OS: iOS, Android) / 검색(직원 조회, 게시글 검색, 상세 검색조건·결과 항목) / 일정(월간/주간/일간/오늘 보기) / 공통사항(HTML5 반응형 UI, 다양한 브라우저 지원, 개방형 제품, IP 제한 접속 차단, 자동세션 종료, 보안규칙 비밀번호, 주기적 비밀번호 변경 알림)', 'approval_system': '결재암호 확인 기능 추가/해제 가능 / 결재 시 결재암호 확인 / 결재문서에 대해 보류/반려/결재 처리 / 문자서명/이미지서명 가능 / 부재 시 부재설정에 따른 결재문서 처리 / 부재-대리결재 설정한 문서는 대리결재자에게 문서 도착하여 대리결재자가 처리 / 대리결재자가 원결재자에게 결재문서를 다시 회송하는 기능 / 부재-결재안함 문서는 다음 결재자에게 자동으로 문서 도착 / 미결재 문서 조회 후 결재 처리 / 분류 및 편철은 결재완료 후 자동 등록 / 다양한 문서번호 채번형식 지원 / 결재대기에 도착한 여러 건의 문서를 한 번에 결재하는 일괄결재 기능 / 권한이 있는 자가 결재선 변경, 본문수정, 첨부 수정 가능(이력 관리 및 이력비교 보기 화면 제공) / 검토, 협조, 결재 등 문서 도착정보를 결재선상 사용자에게 알림 / 결재선에 포함된 결재문서에 리하고 설치 및 커스터마이징 내용 설명 부분 지원해야 함 / 결재대기 도착 문서 팝업조회 가능 (연계시스템에서 KEY값 통해) / 연계시스템(E감사)에서 일상감사함,일상감사결재 등 목록을 포틀릿 형태로 제공가능', 'security_auth': 'NOT_FOUND', 'search_engine': '포털, 그룹웨어 등 자료검색을 위한 통합검색 시스템 연동 / 사용량, 데이터량을 고려한 시스템 구성 요건 정의 / 시스템 구성, 설치, 커스터마이징 등 운영을 위한 필요사항 정의 및 시스템 구축 / 통합검색을 위한 화면 개발 및 S/W를 납품해야 함 / 시스템 구성 요건 정의서, 시스템 구성 계획서, 시스템 구축 이행 결과서', 'web_editor': '웹한글 기안기를 기본으로 문서 작성 및 결재 처리 / HTML5 기반으로 사용자 편의성에 의한 반응형 UI 제공 / W3C 웹 표준((X)HTML, CSS) 준수 / 웹 표준 기술로 모바일에서 플러그인 없이 브라우저만으로 이용 가능하도록 구축 / 다양한 브라우저(Edge, Chrome 등) 지원 / 비표준기술 적용 배제 / 웹 표준 및 호환성 점검 툴 활용 / ‘전자정부 웹사이트 품질관리 지침’ 준수 / 장애인·저사양 사용자 등 접근성 고려 설계·구현 검토 / 한국형 웹 콘텐츠 접근성 지침 2.1 준수 / 모바일 웹 콘텐츠 저작 지침 1.0 준수 / XML/XSL/ECMAScript 등 웹브라우저 관련 기술(HTML4.01/HTML5, CSS2.1, XHTML1.0, XML1.0, XSL1.0, ECMAScript 3rd) 준수 / 웹 표준을 준수하여 어떤 운영체제나 브라우저에서도 동일한 기능 동작', 'warranty_period': '최종검수일로부터 1년', 'cooperation_score': 'NOT_FOUND', 'web_standard': '비표준기술'}",0.7619047619047619,0.5932539682539681,1.0,0.19047619047619047,42.92752719880568,50,C1,R2,G1
나노종합기술원_스마트 팹 서비스 활용체계 구축관련 설비온라인 시스.pdf,21,81,"{'project_name': '스마트 팹 서비스 활용체계 구축관련 설비 온라인 시스템 구축 용역', 'agency': '나노종합기술원', 'purpose': '나노 반도체 국가 성장 동력 강화를 위한 나노 반도체 생태계 혁신기반 마련 / 연구자 및 기업의 나노 인프라 활용의 효율성 제고 및 시제품 개발지원·기술이전 등을 통한 제품 상용화 촉진 / 설비 데이터 수집체계 마련 및 LoT Tracking 구현을 통해 Lot 관리의 정보화 수준 향상', 'budget': '2,349,130,320 원 (VAT포함)', 'contract_type': '제한경쟁입찰 / 협상에 의한 계약', 'deadline': 'NOT_FOUND', 'duration': '계약체결일로부터 18개월', 'requirements_must': '사설망(검증필 암호모듈 탑재 필수) / 네트워크 접근통제 / 망간 자료전송 / 안티 바이러스(성능평가로 도입 가능) / 가상화(PC 또는 서버) / 패치관리 / 스팸메일 차단 / 서버 접근통제 / DB접근 통제 / 스마트카드 / 디지털 복합기 비휘발성 저장매체 완전삭제 혹은 암호화 기능 / 소스코드 보안약점 분석도구(성능평가로 도입 가능) / 스마트폰 보안관리 / 소프트웨어기반 보안USB(검증필 암호모듈 탑재 필수) / 호스트 자료유출 방지(검증필 암호모듈 탑재 필수) / 네트워크 자료유출방지 / 네트워크 장비(L3 스위치 이상) / 가상화관리제품 / 모바일 서비스 보안취약점 및 보안약점 점검·조치 / 클라우드 서비스 보안인증(CSAP) / 전송 및 구간 암호화(SSL,TLS 적용 등) / 로그인 중요정보 네트워크 구간 암호화(SSL,TLS 등) / 서버용 전송자료 암호화 / 연계영역 사전 정해진 데이터 형식만 전달 / 보안지침 및 가이드라인 준수(기술원 보안정책 및 지침 준수, 투입인력 보안관련 규정 준수) / 보안기능 준수: 식별 및 인증 / 암호지원 / 정보 흐름 통제 / 보안 관리 / 자체 시험 / 백도어 방지-접근 통제 / 전송데이터 보호(감사 기록 등) / 보안기능 확인 및 취약점 제거(명령어 등 시험·운영방법 제공, 취약점 개선, 백도어 제거, 오픈소스 적용 기능 및 리스트 제공) / 소프트웨어 개발보안(시큐어 코딩) 관련 가이드 준수 / 품질보증 조직 및 방안 제시 / 네트워크 장비에 백도어 없음 및 취약점 개선·조치 / 국정원 검증필 암호모듈 탑재 대상 제품 준수 / CC인증 필수 제품 준수 / PKI·SSO·디스크·파일·문서·메일·구간·키보드 암호화 제품 등 제품별 도입요건 및 보안기준 준수 / 전자정부법·국가정보보안기본지침·국가 사이버안전 매뉴얼·조달청 지침 준수', 'eval_items': 'NOT_FOUND', 'price_eval': '제한경쟁입찰 / 협상에 의한 계약', 'eligibility': '사업 참여인원에 대해 신원조회용 신원진술서와 보안서약서, 보안각서 제출 / 법률 또는 나노종합기술원의 규정에 의한 비밀 유지의무 준수 및 위반 시 처벌내용에 대한 보안교육 시행 / 사업투입인력에 대한 주기적인 보안 및 개인정보보호 교육 실시 / 개인정보 보호 의무 위반 시 발주사 및 제3자에 대한 손해 배상', 'scope': '기술원 보유 장비 설비온라인 시스템 구축 / 공정 및 장비 실시간 모니터링 기능 구현(설비별 통신 온라인 기준정보 관리, 상태 및 리소스 조회, 통신 및 테스트 기능, 로그 분석 및 데이터 확보) / 新공정관리시스템과의 인터페이스 연계 및 데이터 활용체계 마련 / 공정결과 및 조건데이터의 관리체계 확립 / 설비온라인化 2단계 추진계획 수립 기술지원 / 기술이전 및 운영·유지보수 관련 인수인계·교육 제공', 'equipment_count': 'SECS 70대 / PC-File 10대', 'milestone': '1차 오픈(2024. 9월 까지) : SECS/GEM 대상 장비의 기본 온라인화 완료 / 2차 오픈(사업종료 전까지) : SECS/GEM 대상 장비의 안정화 및 PC-File 대상 장비의 온라인화 완료', 'lot_tracking': 'Wafer Carrier에 바코드를 부착하고 각 공정의 설비에 자동리더기를 설치하여 공정간 이동, 공정투입 및 완료와 관련된 데이터를 수집하여 추적성을 확보함 / Carrier 인식 장치: BCAR / 공정 시작은 인식정보 발행 후 FAB IN에서 인식되는 경우 / 설비 투입부에서 인식된 정보는 해당 설비의 투입으로 인식 / 공정이동에 따른 공정 투입대기에서 인식된 정보는 공정완료 및 공정이동 완료로 인식 / 공정별 설비별 로케이션 인식정보 발행 및 인식 기능 / 설비Data와 인식정보(LotID 등)의 매핑을 통한 Data Collection 및 MES 연계', 'subcontract_limit': '소프트웨어사업금액의 100분의 50을 초과할 수 없으며', 'warranty_period': '검수 완료일로부터 1년 이내의 범위', 'response_time': 'NOT_FOUND', 'security_encryption': 'ㅇ 웹 서비스 및 XML 기술이 적용될 경우 XML 서명, XML 암호화, WS-Security, SAML을 적용함 / ㅇ 비밀 키: 공공기관 간 데이터/문서 보호를 위한 암호는 비공개 암호체계(국정원)을 적용함 / ㅇ 공개키: 공공기관과 민간 간 데이터/문서 보호를 위한 암호는 민간겸용 공개암호(ARIA)를 사용함 / ㅇ 공개키 암호알고리즘은 RSA(PKCS #1), RSAES- OAEP, RSASSA-PSS, 국가기관용 표준 공개키 암호 알고리즘을 적용함 / ㅇ 키 사이즈는 2,048 비트이상 사용해야 함 / ㅇ 암호검증: 암호검증은 국가용 암호관리센터에서 발급한 암호검증서(국정원)을 적용함 / ㅇ 사용자 PC부터 웹서버구간 간 암호화방식을 적용하여 구현하여야 함 / ㅇ 정보통신망으로 전송되는 중요정보에 대해 SSL, TLS 등 네트워크 구간 암호화 조치를 수행하여야 함 / ㅇ 연계를 통해 전송되는 자료는 서버용 전송자료 암호화를 적용하여 전송하여야 함', 'interface_method': 'SECS / Non-SECS (SECS 통신 지원 및 PLC 통신, 파일 수집 포함)', 'maintenance_rate': '18% 이내'}",0.9,0.6767507002801121,1.0,0.5714285714285714,77.76026226074198,50,C1,R2,G1
남서울대학교_[혁신-국고] 남서울대학교 스마트 정보시스템 활성화(학사.pdf,21,76,"{'project_name': '[혁신-국고]스마트 정보시스템 활성화(학사행정 암호화)', 'agency': 'NOT_FOUND', 'purpose': '학사포털에 저장된 개인 사진, 통장 사본 등 민감한 파일의 보안을 강화하고 기존 파일 암호화 및 운영 중인 서비스에 암/복호화 모듈을 적용하여 체계적인 파일 관리를 구현하기 위함', 'budget': '70,000,000원', 'contract_type': '제한경쟁입찰 / 협상에 의한 계약체결', 'deadline': '2024. 09. xx(x)', 'duration': '계약일로부터 3개월', 'requirements_must': '파일 암호화 적용 전략 수립 / 기존 파일에 대한 암호화 / 기 보유 시스템에 대한 파일 암/복호화 모듈 적용 / 성능 및 테스트 / 책임 및 보안 기본사항 / 관리적 보안 대책 / 기술적 보안 대책 / 기능구현 정확성 / 품질관리 요구사항 / 시스템 품질 요구사항 / 시스템 구현의 유연성 / 기술적용계획표 및 결과표 작성 / 개인정보보호법 준수 / 웹표준 및 호환성 준수 / 소프트웨어 개발보안(시큐어코딩) 가이드 준수 / 지적재산권 귀속 / 공공SW사업 대기업 참여제한 / 공동수급 제한 / 하도급 제한 / 계약해지 / 책임 / 사업수행 조직 / 시스템 시험운영 / 하자보수 기간 / 산출물 관리계획 / 교육 및 기술지원 / 하자 보수 / 원활한 시스템 운영과 안정화를 위한 기술지원 / SW 사업정보 저장소 데이터 작성 및 제출 / 암호화 솔루션 인증서 제공 필수 / 기존 파일에 대한 일괄 암호화 지원 / 일괄 암호화 후 DRM API를 통한 복호화 검증 / 기존 파일 건수와 암호화 이후 건수 일치 / 파일 업로드 시 DRM API를 통한 암호화 저장 / 파일 다운로드 시 DRM API를 통한 복호화 제공 / 개인정보 열람시 접근 이력 기록 및 필요시 사유 입력 / 개인정보 열람 이력관리 통계 또는 조회화면 제공 / 개인정보에 대한 암호화 / 보안준수사항 위반에 대한 민형사상 책임 및 손해배상', 'eval_items': '기술평가:90 / 가격평가:10', 'price_eval': '협상에 의한 계약체결 기준에 따라 평가점수 산출', 'eligibility': '「국가를 당사자로 하는 계약에 관한 법률」시행령 제12조 및 시행규칙 제14조 규정에 따른 경쟁입찰 참가자격 / 조달청 입찰참가자격 등록증 보유 / 「국가를 당사자로 하는 계약에 관한 법률」제27조 및 시행령 제76조에 해당되지 않을 것 / 종전의 소프트웨어사업자 신고 또는 개정 법령에 따른 소프트웨어사업자 관리 등록된 업체 / 직접생산확인증명서(정보시스템개발서비스) 제출 가능 업체 또는 해당 특별법인 확인서류 제출 가능 업체 / 상호출자제한기업집단 소속기업 및 대기업 참여제한(대기업 및 중견기업 입찰 참여 제한)', 'scope': '학습플랫폼 / H/W, S/W, N/W 등의 장비 도입 및 시스템 장비 구성 / 정보시스템(다양한 브라우저 환경, 모바일 어플리케이션 포함) / 범정부 EA포털 시스템', 'encryption_target': '기존 첨부파일 / 기존 파일 / 고유식별정보(주민등록번호, 여권번호, 운전면허번호, 외국인등록번호) / 비밀번호 / 바이오정보', 'security_requirements': '송․수신시 모든 정보 암호화 전송 / 비밀번호, 비밀번호는 단방향 암호화, 바이오정보는 양방향 암호화 / 인터넷 구간,공통(DMZ) 구간 저장시 : 의무적 암호화 / 내부망 저장함', 'file_encryption_method': 'DRM API를 통해 파일을 암호화/복호화', 'warranty_period': '검수완료일로부터 12개월', 'subcontract_policy': '원도급자의 하도급 금액은 입찰금액의 50%를 초과할 수 없음 / 재하도급은 원칙적으로 불허함(예외 조항 있음) / 하도급 승인 위해 발주기관의 사전승인 필요 / 하도급금액이 전체 사업금액의 10% 이상인 경우 공동수급체 구성 요구 또는 불가피한 사정 제시 필요 / 하도급 계약부터 대금지급 및 실적관리는 조달청 ‘정부계약하도급관리시스템(하도급지킴이)’ 이용 / 하도급 대금 기준: 직접인건비는 한국소프트웨어협회장이 공표한 노임단가의 100%, 제경비와 기술료 합은 직접인건비의 20% 이상 / 하도급 승인 평가점수 85점 이상일 경우 승인(단 예외 사유로 거절 가능) / 표준하도급계약서 활용 여부 명시 필요', 'joint_bidding': '허용', 'deliverables': '사업수행계획서(착수보고서) / 주간보고 자료 / 사업완료보고서 및 산출물(운영자 매뉴얼 / 개발물 소스 파일(ERD, DB설계서 포함) / 개발물(웹·모바일)) / 산출물 제출(USB, 출력물) / 산출물 인수·인계서 및 자료삭제기록 / 보고회 자료(착수보고서 등)', 'project_manager_requirement': '용역수행책임자(PM)는 반드시 제안사의 주관사 소속으로서 본 사업을 총괄할 수 있는 전문 인력이어야 함 / 용역수행책임자(PM) 또는 핵심인력(PL) 중 최소 1인 이상은 반드시 영어로 원활한 의사소통이 가능해야 함', 'testing_requirements': '각 구축 단계별로 세부적인 계획을 수립하여, 남서울대학교의 승인 후 시행해야 하며, 테스트 항목 및 횟수는 남서울대학교에서 적절히 조정 / 개발 초기부터 구축 완료까지 지속적인 테스트와 해당 결과를 반영하여 요구사항이 모두 충족되는 시스템이 되도록 해야 함 / 시스템 가동을 위한 리허설 방안을 제시하고 남서울대학교이 요구하는 기간 또는 횟수를 계획에 따라 차질 없이 시행해야 함 / 개발사 자체 검증 테스트 완료 및 자료 제출 필수 / 개발사 자체 검증 테스트 자료 기반 남서울대학교에서 샘플 테스트 진행 후 사업 완료함 / 제공되기로 한 요구사항의 제공 여부는 각 기능 요구사항의 검증(테스트) 활동을 통해 예상된 결과가 도출되었을 경우 요구사항을 제공한 것으로 평가함 / 기능 구현 정확성은 사용자가 지정된 직접 테스트 수행 기간 내에 테스트를 수행함으로써 평가함 / 일괄 암호화 후 도입되는 DRM API 서비스를 통한 복호화 검증하여야 함 / 기존 파일에 대한 건수가 암호화 이후 건수와 일치하여야 함'}",0.9523809523809523,0.7265512265512265,1.0,0.38095238095238093,62.288808349666816,50,C1,R2,G1
대검찰청_아태 사이버범죄 역량강화 허브(APC-HUB) 홈페이지 및 온라인 교.pdf,21,67,"{'project_name': '아·태 사이버범죄 역량강화 허브(APC-HUB) 홈페이지 및 온라인교육시스템 고도화 2차', 'agency': '대검찰청', 'purpose': '온라인 교육시스템의 기능 개선·고도화(한·영 TTS 자동 변환 시스템 구축 및 관리자 운영 기능 추가, 동영상 최적화 선택 기능 개선, 상세 콘텐츠 및 관리자 기능 개선, 랜덤 재생 및 진행표시줄 기능 개선, 수강완료 동영상 이동제한 해제, 홈페이지 유지보수 등)', 'budget': '35,750천 원(부가가치세 포함)', 'contract_type': '제한경쟁입찰 / 협상에 의한 계약', 'deadline': '입찰공고서 참조', 'duration': '계약일로부터 5개월(2024년 11월 30일 이내)', 'requirements_must': '통합보안관리(통합로그관리 포함) / 웹 응용프로그램 침입차단 / DDos 대응(성능평가로 도입 가능) / 인터넷 전화 보안 / 무선침입방지 / 무선랜 인증 / 가상사설망(검증필 암호모듈 탑재 필수) / 네트워크 접근통제 / 망간 자료전송(2022.1 이전 인증제품) / 안티 바이러스(성능평가로 도입 가능) / 패치관리 / 스팸메일 차단 / 서버 접근통제 / DB접근 통제 / 스마트카드 / 디지털 복합기(비휘발성 저장매체 장착 제품에 대한 완전삭제 혹은 암호화 기능) / 소스코드 보안약점 분석도구(성능평가로 도입 가능) / 스마트폰 보안관리 / 소프트웨어기반 보안USB(2020.1.1이전 인증제품, 검증필 암호모듈 탑재 필수) / 호스트 자료유출 방지(2021.1.1이전 인증제품, 매체제어제품 포함, 자료저장 기능이 있는 경우 국정원 검증필 암호모듈 탑재 필수) / 네트워크 자료유출방지(2021.1.1 이전 인증제품) / CC인증서에 명시된 제품과 동일 제품 여부 / 보안기능 확인서 필수제품 유형군: 소프트웨어기반 보안USB(검증필 암호모듈 탑재 필수) / 호스트 자료유출 방지(매체제어제품 포함, 자료저장 기능이 있는 경우 국정원 검증필 암호모듈 탑재 필수) / 망간 자료전송 / 네트워크 자료유출방지 / 네트워크 장비(L3 스위치 이상) / 가상화관리제품 / 모바일 서비스(앱·웹) 등 보안취약점 및 보안약점 점검·조치(모바일 전자정부 서비스 관리 지침) / 전자서명 또는 행정전자서명을 기반으로 한 사용자 인증 / 네트워크 장비 및 네트워크 보안장비에 백도어가 없을 것 / 전자정부법 관련 / 국가정보보안기본지침(국가정보원) 규정 / 네트워크 장비 구축·운영사업 추가특수조건(조달청 지침) / 국정원 검증필 암호모듈 탑재·사용 대상(암호가 주기능인 정보보호제품) / 보안기능 확인서 또는 CC인증 필수제품 유형군(국제 CC인 경우 보안적합성 검증 필요) / (네트워크)침입차단 및 (네트워크)침입방지(침입탐지 포함) / SSL 암호화 적용 / 개인정보보호법 준수에 따른 기본 기능 개발 및 적용 / 반응형 웹 사이트 구현(HTML5, CSS3) / 6종 이상의 다양한 브라우저에서 서비스 가능(크롬, 오페라, 사파리, IE 10이상, 파이어폭스, 엣지 등) / 동시 사용자 수 300명 이상 지원 및 최대 동시 접속 상태에서 성능 저하 없어야 함 / 개인정보보호 및 시스템 보안을 위한 암호화 적용 등에 따른 성능 저하 대비 방안 수립 및 적용 / 홈페이지 유지보수(취약점 점검 포함) / 시스템 공통 요구사항(HTML5 웹 표준 준수 등) / 관리자용 웹페이지 기능 고도화(메인 배너 직접 입력 및 편집 등) / 데이터 요구사항(초기자료 구축, 모바일 데이터 연계 포함) / 테스트 요구사항(도입 장비 성능 테스트 및 구축 시스템 테스트) / 보안요구사항(SER-001~SER-011에 명시된 사항) / 프로젝트 관리 및 지원 요구사항(PMR-001~PMR-005, PSR-001~PSR-004)', 'eval_items': '기술평가:90 / 가격평가:10', 'price_eval': '협상에 의한 계약 (기술평가 90% + 가격평가 10%), 합산점수로 협상순위 결정', 'eligibility': '입찰 공고일 현재 「국가를 당사자로 하는 계약에 관한 법률 시행령」 제76조에 의거 부정당업자에 해당하지 않은 자 / 공고일 현재 ｢소프트웨어진흥법｣ 제24조의 규정에 의한 소프트웨어사업자(컴퓨터관련서비스사업, 업종코드: 1468)로 등록된 사업자 / 「중소기업제품구매촉진 및 판로지원에 관한 법률」 제9조 및 동법 시행규칙 제5조에 따라 발급된 직접생산확인증명서(전산업무(소프트웨어개발)-정보시스템개발서비스, 분류번호: 8159901) 소지업체(전자입찰서 제출 마감일 전일까지 발급·유효기간 내) / 「중소기업기본법」제2조에 따른 소기업자 또는 「소상공인 보호 및 지원에 관한 법률」 제2조에 따른 소상공인으로서 소기업·소상공인확인서 소지자(전자입찰서 제출 마감일 전일까지 발급·유효기간 내) / 대기업 소프트웨어사업자 및 상호출자제한기업집단에 속하는 기업은 입찰에 참여할 수 없음', 'tts_function': 'PPT, 한쇼, PDF 등 강의자료와 연동된 슬라이드노트의 한‧영 스크립트 입력된 텍스트를 한국어나 영어 음성으로 자동변환하여 나오는 기능', '3d_improvement': '3D 온라인 홍보관 동영상 컨텐츠 관리 기능 / 3D 온라인 전시관 내 배경 화면 변경, 오브젝트 추가 / 3D 오브젝트 클릭 시 인터랙션(설명, 애니매이션 등) 기능 추가', 'response_time': '3초 내에 완전히 디스플레이 되어야 함', 'concurrent_users': '동시 사용자 수 300명 이상', 'warranty_period': '준공검사 완료일로부터 12개월', 'web_accessibility': '｢웹 접근성 향상을 위한 국가표준 기술 가이드라인｣ 준수 / 한국형 웹 콘텐츠 접근성 지침 2.1 / 웹 콘텐츠 제작기법 2.1 / 정보시스템은 장애인 등 서비스 이용 소외계층 고려 설계·구현 / 접근성, 직관성, 이용편리성 제고한 구성 / 접근성 관련 표준 준수(웹 표준, 웹 호환성, 웹 접근성)', 'evaluation_ratio': '기술평가:90 / 가격평가:10', 'random_play': '특정 수강코스 내 교육컨텐츠가 순차로만 재생되던 기능을 랜덤으로도 재생 가능하도록 고도화', 'secure_coding': '소프트웨어 개발보안 가이드(행정안전부) / OWASP 10대 보안 취약점 및 국가정보원 홈페이지 보안 8대 취약점 / 정보시스템 구축·운영 지침(행정안전부 고시) “소프트웨어 보안약점 기준” / KISA가 제시하는 최신 개발 보안가이드 지침 / 소프트웨어 개발보안(시큐어코딩) 관련 가이드 준수', 'certification_number': '8159901'}",0.9523809523809523,0.7531746031746033,1.0,0.6190476190476191,76.66920576992194,50,C1,R2,G1
대전대학교_대전대학교 2024학년도 다층적 융합 학습경험 플랫폼(MILE) 전.pdf,21,77,"{'project_name': '다층적 융합 학습경험 플랫폼(MILE) 구축', 'agency': '대전대학교', 'purpose': '본 사업은 ‘다층적 융합 학습경험 플랫폼(MILE) 시스템’ 구축을 통해 교과 및 비교과 활동을 통합해 학생의 학습 경로와 진로 설계를 돕고 실시간 학업 코칭·모니터링 및 피드백을 제공하며, 교수-학생 활용 융합 교육 모니터링 시스템을 신규로 구축하고 융합교육 활성화와 유연한 학사 운영을 지원하기 위함', 'budget': '60,000,000원', 'contract_type': '제한경쟁입찰 / 협상에 의한 계약', 'deadline': 'NOT_FOUND', 'duration': 'NOT_FOUND', 'requirements_must': '스크립트 간소화, 코딩 룰 준수, 코딩 구조개선 / 테스트는 인력·데이터·절차 및 방법·일정·도구·시스템 최적화 방안 등을 포함한 체계적이고 효율적인 계획 수립 / 단계적 단위 테스트·연계 테스트·통합 테스트 실시 / 시스템 성능 모니터링 및 건별 요청 처리 5초 이내 / 오류 입력 시 10초 이하에 오류 메시지 제시 / 10초 이상 소요 작업은 시작 시 응답 지연 메시지 제시 / DB 구조는 연동·연계 및 확장 용이하도록 설계 / Data Migration 방안 제시 / 대상 업무별 단위시험·통합시험·인수시험 방안 제시 및 지속적 테스트·테스트 결과 반영 / 테스트 시 실제 데이터(오류 데이터 포함) 입력한 시나리오 작성 및 실시 / 테스트 환경 구축·라이선스·기술지원 비용은 사업자 부담 / 품질·하자보증 기간 최소 12개월 이상 / 프로그램 신뢰성·안정성 보장 / 데이터 보안성 및 무결성 보장 / 코드 설계분석을 통한 복잡한 코드 간소화 및 효율화 / 기술이전과 사후관리를 위한 상세한 주석 관리 / 개발생산성 및 유지보수 용이한 개발방법론 적용 / 정보화진흥원 웹 접근성 품질마크 인증 기준 준수 / W3C Markup Validation 및 W3C CSS Validation 문법 검사 통과 / 크로스브라우징 6종 브라우저 지원(Edge, IE, firefox, opera, safari, chrome) / 「대국민 모바일서비스 구축 가이드라인」 준수 / 「모바일 애플리케이션 접근성 지침」 준수 / 보안정책은 대학 및 교육부 『정보보안 기본지침』 준수 / 개인정보보호법 등 제반 규정 적용 / 개인정보보호 책임자·정보보안담당관에 보고 가능한 시스템 구축 / OS·웹서버 보안패치 실시 / 소프트웨어 개발보안(시큐어 코딩) 가이드 적용 / 모든 응용프로그램에 대한 웹 보안성 구현 및 검증방안 제시 / 소프트웨어 개발보안 가이드(행정자치부.KISA, 2021년11월) 준수 / 소프트웨어 보안취약점 진단가이드(행정안전부.KISA, 2021년11월) 준수 / Java 시큐어코딩 가이드(행정자치부.KISA, 2012년9월) 준수 / 보안 점검 체크리스트(예: CMOS 비밀번호 설정, 10자리 이상 문자·숫자·특수문자 비밀번호 등 총15개 항목 점검) / 성능진단 보고서·웹 취약점 진단결과 보고서 등 각종 보고서 제출 / 개발 완료한 프로그램 소스·모듈 소스·산출물·운용자 매뉴얼 및 사용자 지침서 제출 / 프로젝트 완료 보안 서약서 제출', 'eval_items': '기술 평가:90 / 입찰가격 평가:10', 'price_eval': '기술 평가점수(90%) + 입찰가격 평가점수(10%) / 「협상에 의한 계약체결 기준」을 준용하여 평가점수 산출', 'eligibility': '｢국가를 당사자로 하는 계약에 관한 법률 시행령｣ 제12조 및 동법 시행규칙 제14조에 의한 경쟁입찰 참가자격을 갖춘 자 / 국가를 당사자로 하는 계약에 관한 법률 제27조 및 동법 시행령 제76조에 해당되지 않은 자 / 입찰공고일 현재 소프트웨어산업진흥법 제58조에 따라 소프트웨어사업자(컴퓨터관련서비스사업)로 신고한 자 / 단일건으로 1억 이상 소프트웨어 개발 실적 (홈페이지 구축, 유지보수 제외) / 사업총괄책임자(PM)의 보유 기술자격증, 경력확인서, 학력증명서 사본 제출 / 사업총괄책임자(PM)의 최근 3년간 근로소득원천징수 영수증 사본 또는 국민연금가입 확인통지서 사본 또는 의료보험 피보험자 자격확인서 사본 제출 / 소속회사의 인력 여부 확인을 위한 고용보험가입확인서 또는 직장건강보험가입 확인서 제출 / 제출서류(입찰참가자격 증명서류, 인감증명서 등) 제출', 'monitoring_components': '융합 교육 운영 현황 모니터링 화면 구축 / 융합 교육 교수 모니터링 화면 구축 / 융합 교육 코디네이터 모니터링 화면 구축 / 학기별 현황 조회(학기별 한 화면에 수치 표출) / 원데이터 근거 자료 표시(연번, 전공, 학번, 성명, 선택전공, 디그리 등) / 부·복수전공 신청 현황 및 신청자 현황 다운로드 / 학생 상담을 위한 부·복수전공·디그리 신청 정보 및 수강 현황 표시 / 학생 진로 키워드 입력·관리(누적하여 1~4학년 표시) / 학기별 수강학점·실적·디그리과목 수강학점 표시 / 교수 상담 체크(연도·학기별 상담 체크 화면) / 코디네이터용 미신청이수가능자 조회 및 추천 화면(디그리 추천, SMS 발송) / 상담 데이터 엑셀 다운로드 및 상담 결과 체크박스·카테고리·내용·연계부서 관리 / 소전공·교과목 관련 책임교수·교원 연락정보 추천 화면 / 신청 학생·미신청 이수가능 학생 리스트 열람 및 SMS 발송', 'degree_enhancement': '기존의 나노/마이크로디그리 신청 화면 고도화(디그리 검색, 미이수정보 활용 등) / 미신청이수가능자조회 화면 학생 제공 화면 고도화 / 나노디그리 및 마이크로디그리 과정별 기준관리 구분 화면 고도화(과정구분 추가) / 나노/마이크로디그리 출력 화면 고도화(과목별 수강 인원현황 출력물 개편) / 학점이수정보 화면 고도화(비교과인증제 정보 추가) / 디그리 과정 신청(학생) 개선(디그리 검색, 미이수정보 활용 등) / 디그리과정대상자관리, 미신청이수가능자조회 고도화 / 나노/마이크로디그리출력 화면 고도화 / 졸업자가진단 비교과 인증 추가 및 관련 자료 업로드', 'response_time': '5초 이내', 'warranty_period': '본 사업 최종 검수 완료일로부터 최소 12개월 이상', 'browser_support': '6종 브라우저(Edge, IE, firefox, opera, safari, chrome)', 'access_log_retention': '최소 1년 이상(5만명 이상,고유식별정보,민감정보 2년)', 'tech_eval_score': '기술 평가점수(90%) + 입찰가격 평가점수(10%)', 'faculty_assessment': '융합교육역량 진단 문항 추가에 따른 데이터 관리 화면 변경 / 교수역량진단 개편(융합교육 추가) 및 ACT 교과 인증 강좌개설 화면 연계 / 단과대학 개편에 따른 코칭보고서, 분석 보고서 전면 개편', 'required_documents': '제안서 제출 공문 1부 / 입찰참가신청서(별첨 1 참조 : 소정양식) 1부 / 제안서 원본 10부 및 파일이 수록된 USB 2개 / 사업자등록증 사본 1부. (원본대조필) / 소프트웨어사업자 신고필증 사본 1부. / 인감증명서(법인의 경우 법인 인감, 개인사업자 경우 대표자 인감) 1부. / 법인등기부등본 1부. (개인사업자인 경우 주민등록등본) / 가격제안서 1부. (세부내역서 첨부하여 밀봉 및 봉인부분 날인) / 입찰이행보증보험증권 1부. (입찰금액의 5%) / 대표자 위임장 1부. (대리 등록시) / 용역실적증명서(발주기관 확인 필 또는 증명관련 서류) 원본 또는 계약서 사본 1부. / 사용인감계(사용인감을 사용할 경우) 1부. / 지방세, 국세 완납증명서 1부. / 청렴서약서 1부.', 'act_certification': 'ACT 교과 인증 결과 강좌개설과 연계'}",0.9523809523809523,0.7222222222222222,1.0,0.6190476190476191,71.75908781722103,50,C1,R2,G1
대한상공회의소_기업 재생에너지 지원센터 홈페이지 개편 및 시스템 고.pdf,21,67,"{'project_name': '기업 재생에너지 지원센터 홈페이지 개편 및 시스템 고도화 사업', 'agency': '대한상공회의소', 'purpose': '재생에너지 거래를 위한 수요기업과 공급기업간 매칭시스템 고도화 / ‘기업 재생에너지 지원센터’ 사업 홍보 및 홈페이지 콘텐츠 보강', 'budget': '일금 57,000,000원 (VAT 포함)', 'contract_type': '협상에 의한 계약', 'deadline': 'NOT_FOUND', 'duration': '계약체결일로부터 6개월 이내', 'requirements_must': '웹 표준 개발 가이드 준수 / 데이터 보안 정책 준수 / 개인정보보호법 등 웹 개발 관련 법 준수 / 사용자/운영관리 매뉴얼, 가이드 등 운영 필요 자료 제공 / 홈페이지 개편 후 1년간 지속적 관리 및 유지보수 지원 / 정기/비정기적 웹페이지 내용 수정 지원 / 긴급 복구 지원 / 사용자 PC OS(Windows 10 이상), 웹브라우저(엣지, 크롬 등) 크로스 브라우징 호환성 / 별도 에이전트 또는 ActiveX 설치 없이 오류없이 호환 / 모든 질의 평균 응답시간 3초 내 / 보안이 강화된 회선 사용(침입차단시스템 등) / 시스템 24시간 운영 가능 / 백업절차 수립 및 매뉴얼 제공 / 신속한 장애복구 대응방안 및 지원체계 마련 / 품질보증 범위·조직·절차·점검방법 제시 / 품질보증 관련 인증 근거서류 제시 / 전자정부 기술 아키텍처 표준 준수 / 웹사이트 총량제 준수(해당 시) / 개인정보 안전성 확보조치 기준 이행(접속기록 최소 2년 보관·관리 등) / SSL 서비스 도입(모든 데이터 송수신시 SSL 적용) / DB 암호화 / 인증서 기반(GPKI) 로그인 방식 적용 후 ID/PW 로그인 / 각종 패치·환경설정 지원 및 보안패치 관리 / CC인증·검증필 암호모듈 등 관련 보안제품 요구사항 준수 / 웹표준 준수(W3C Markup/CSS Validation 통과) / 크로스브라우징(최소 3종 이상 브라우저 지원) / 웹 접근성 준수(장애인차별금지법 등) / 시스템 동시 사용자 수 100명 이상 지원 / 참여인력에 대한 보안관리(투입 전 보안서약서 제출, 보안교육, 월별 단말기 점검, 종료 시 보안확약서 제출) / 용역업체 정보시스템 접근시 작업이력 로깅 등 보안통제 사항', 'eval_items': '경영상태:10 / 전략 및 방법론:20 / 기능 요구사항:20 / 기술 및 시스템 기능 요구사항 정성:30 / 성능 및 품질 요구사항:20 / 프로젝트 관리:5 / 보안 요구사항:3 / 데이터 요구사항:3 / 성능 요구사항(성능):5 / 품질 요구사항:10 / 인터페이스 요구사항:5', 'price_eval': '협상에 의한 계약', 'eligibility': '경쟁입찰 참가자격을 갖춘 자(「국가를 당사자로 하는 계약에 관한 법률」시행령 제12조 및 동법 시행규칙 제14조 규정) / 「소프트웨어 진흥법」제58조에 의한 소프트웨어사업자신고(최근 년도) 및 조달청에 ‘소프트웨어사업’업종(업종코드: 1468)으로 입찰참가 등록한 업체 / 직접생산증명서(세부품명: 정보시스템개발서비스, 8159901)를 소지한 업체 / 직접생산증명서(세부품명: 정보시스템유지관리서비스, 8189901)를 소지한 업체 / 대기업 및 중견기업의 참여 불가 / 공동이행방식(공동계약 가능, 총괄업체 및 책임자 지정, 공동수급체는 5개 이하, 구성원별 최소지분 10% 이상, 공동수급협정서 제출) / 하도급 불허', 'matching_enhancement': 'REC/PPA 선택에 따른 세부 입력 메뉴 개발 / 채팅/댓글 등을 통한 소통 창구 마련 / 매칭 후 거래 진행 상태 단계 표출(협의중, 계약서 작성중, 계약완료 등) / 재생에너지 계약 지원 콘텐츠 업로드 게시판 신설 및 내용구성', 'self_diagnosis': '고도화된 재생에너지 사용 자가진단 툴 온라인 구현 / 자가진단 결과화면 디자인 고도화 및 저장기능 추가 / 자가진단 웹페이지 창 축소 시 내용 미노출 등 오류 수정 / 직접입력 값 외에 자동추세(단가하락 및 요금 상승) 선택 옵션 추가 / 재생에너지 사용으로 인한 편익 발생 시점 및 비용편익 계산', 'response_time': '모든 질의는 평균 응답시간으로 사용자가 요청한 시간으로부터 3초 내에 그 결과를 보여줘야 함', 'concurrent_users': '100명 이상', 'admin_statistics': '통계 시스템 구축 및 보고서 출력 / 재생에너지 매칭 지원 게시판 통계 구축 - 구매자 및 판매자 정보 통계, 구매/판매 수요 물량 정보 통계, 매칭 후 계약 절차진행 현황 통계 등 / 각 메뉴 이용에 대한 데이터 관리 및 통계분석 기능 - 각 메뉴 이용자 정보 및 이용자 수 등 / 누적 판매/구매된 에너지 관련 정보 등 / 보고서 출력 기능 / 재생에너지 수요기업과 공급기업의 DB 구축 및 업데이트 가능토록 개발 - 다운로드 기능 포함', 'privacy_protection': '개인정보 및 중요정보의 데이터는 암호화하여 저장해야 함 / 개인정보는 사용사유가 소멸된 시점에 즉시 파기 또는 삭제조치해야 함 / 관리자 페이지는 인터넷에서 접속 불가하며, 필요 시 적절한 접근제한 조치 적용(SSL-VPN 이용, 접속 IP 제한, 2-factor 인증, 안전한 비밀번호 정책 적용 등) / 관리자 게시글·댓글·첨부파일 등록 시 경고문구 안내 및 비식별 조치 권고 / 불필요한 자유게시판 생성 지양 및 파일 업로드 기능 제거 / 자유게시판 생성 시 전체 비공개화 또는 비밀번호 설정하여 작성자만 확인 가능토록 구현 / 개인정보 열람 시 접속기록 최소 2년 보관·관리 / 개인정보 접근권한 부여·변경·말소 이력 최소 3년 보관·관리 / 고유식별번호 및 비밀번호·생체인식정보는 안전한 암호 알고리즘으로 저장 / SSL 서비스 도입 및 모든 데이터 송수신시 SSL 적용 / DB 암호화', 'web_standards': '6종 이상 브라우저(IE 7이상, 파이어폭스, 사파리, 크롬 등) 지원 / W3C Markup Validator, CSS Validator, 크로스브라우징 지원 진단 체크리스트 / 최신 웹표준 준수(운영체제 및 웹브라우저 종류·버전에 의존하지 않고 정상 실행) / 웹표준은 W3C 적용 / 통용되는 웹브라우저의 최근 3년 이내 모든 버전에서 완벽 구동 / 한국형 웹 콘텐츠 접근성 지침 준수 / 웹 접근성 품질인증 심사가이드 준수 / 웹 접근성 및 호환성 진단 및 조치 / 웹 접근성 인증심사 비용은 개발업체 부담 / 전자정부 웹사이트 품질관리 지침 준수 / NON-ActiveX 기반으로 최소 상이한 3종 이상 웹브라우저 지원 / 디지털 정부서비스 UI/UX 가이드라인 준수 / W3C Markup Validation 통과 / W3C CSS Validation 통과 / 동작호환성·레이아웃호환성·플러그인호환성 확보 / K-WAH 4.0 자동점검툴 통과(준수율 95% 이상) / 웹 접근성 평가 보고서 제출(3 depth 100 페이지 이상 점검) / 사용자 PC OS(Window 10 이상), 웹브라우저(엣지, 크롬 등)에서 별도 에이전트 또는 ActiveX 설치 없이 오류없이 호환 / HTML 4.01/HTML5, CSS2.1, XHTML1.0, XML1.0, XSL1.0, ECMAScript 3rd 준수 / 모바일 웹 콘텐츠 저작 지침 준수 / SSL 적용 및 개인정보보호법 등 관련 법규 준수', 'maintenance_support': '홈페이지 개편 후 1년간 지속적 관리 및 유지보수 지원 / 정기/비정기적인 사용자 요청에 따른 웹페이지 내용의 수정 / 홈페이지의 메뉴별 기능 및 온라인 서비스에 문제가 발생할 경우, 긴급 복구 지원', 'content_enhancement': '메인페이지 공시정보 추가·확대(RE100용 REC 거래가격, RPS REC 거래가격, LCOE, SMP, 산업용 전기요금, 배출권가격 정보 등) / 공급망 재생e사용요구 관련 기업애로접수 게시판 신설 / ‘재생에너지 활용 컨설팅’ 하부 메뉴로 컨설팅 우수사례 게시판 신설 / 자료실 게시판 등 홈페이지 내 동영상 업로드 기능 추가', 'security_penalty': '위규 수준별로 A~D 등급으로 차등 부과 / 보안사고는 1회의 사고만으로도 별도 부과 / 사업 종료시 지출금액 조정을 통해 위약금 정산 / 사업자는 위규처리 기준에 따라 [별첨2]의 보안 위약금을 공단에 납부'}",0.9047619047619048,0.7182539682539683,1.0,0.7142857142857143,81.75846474320389,50,C1,R2,G1
"대한장애인체육회_2025년 전국장애인체육대회 전산 및 시스템, 홈페이지 .pdf",21,62,"{'project_name': '2025년 전국장애인체육대회 전산 및 시스템, 홈페이지 유지·보수 용역', 'agency': '대한장애인체육회', 'purpose': '전국장애인체육대회 운영을 위한 시스템 및 홈페이지 안정성 확보 / 각종 다양한 외부정보 제공 및 자료요구에 대한 대응 능력 강화 / 각종 데이터 검색 및 정보조회 등 정보 제공 및 관리의 편의성·편리성 도모 / 스포츠지원 포탈을 통한 선수데이터 검색 및 통계자료 조회기능 제공 및 일반인들이 접근 가능한 체육회 관련 사이트 접근용이 / 신규종합점수체계 적용 설계(안) 마련을 위한 정보 제공 수집 필요', 'budget': '220,000,000원', 'contract_type': '제한경쟁입찰 / 협상에 의한 계약', 'deadline': '공고문 참조', 'duration': '계약일 ~ 2025년 12월', 'requirements_must': '개인정보 암호화 저장(SHA-256 이상, 단방향) / 개인정보 접속로그 기록·관리(최소 6개월 보관) / 사업 완료 후 업체 저장매체 안전성 검증 삭제 및 자료 회수·삭제·확약서 제출 / 기능 요구사항 수행(전산시스템 운영 등) / 테스트 유형 및 환경 구축(단위·통합·시스템 테스트 등) 및 테스트 비용 사업자 부담 / 품질보증 범위·조직·절차·점검방법 제시 및 품질보증 방안 제시 / 기능 구현 정확성(테스트로 검증, 변경관리 절차 승인) / 웹 표준 준수(W3C 진단 통과) 및 브라우저 호환성 / 전자정부 웹사이트 품질관리 지침 준수(웹표준·호환성·접근성·개인정보보호 등) / DB 설계 시 확장성·이식성 고려 및 개인정보 백업데이터 생성 금지 / 시큐어 코딩 준수 및 관련 법규·지침 준수(국가정보원, 행정안전부, 문화체육관광부 등) / 엄격한 비밀번호 규칙·일방향 암호화·안전하지 않은 비밀번호 검출·일정횟수 이상 오류 시 사용 차단·세션만료·동시로그인 금지(관리자) / 입력 데이터 필터링·서버스크립트 업로드 제한·디렉토리 리스팅 방지·관리자 페이지 접근 통제 / 시스템 인터페이스·사용자 인터페이스 요구사항(사용자 편의성·경험 반영) / 시스템 성능 요구사항(처리속도·가용성 등) / 오류 발생 시 2초 이내 적절한 오류 메시지 제공 / 통계·대량조회 시 느린 결과 예상 메시지 제공 / 테스트: 바운더리·업무로직·통합·시스템 테스트 및 운영 중 상호운용성 고려 / 제공 자료에 대한 복사본 보유 금지(업체 복사본 보유 불가)', 'eval_items': '기술평가:90 / 가격평가:10', 'price_eval': '가격평가 10% / 기술평가 90%에 따른 종합평가 후 협상(협상에 의한 계약)', 'eligibility': '사업자등록증(소프트웨어사업자) 사본 1부 / 법인등기부등본 1부(법인인 경우) / 인감증명서 1부(법인인 경우 법인인감) / 사용인감계 1부 / 위임장 및 재직증명서 1부(대리인이 등록할 경우) / 경쟁입찰참가자격등록증 (등록서류) / 중소기업등록확인서 1부 / 직접생산증명서(관련입찰 시) 1부 / 서약서 1부 / 보안각서 1부 / 확인서(입찰참가자격제한 및 징계사항) 1부 / 입찰보증금 지급각서 1부 / 청렴계약이행서약서 1부 / 정량평가에 필요한 서류 각 1부 / 신용평가등급확인서 1부 / 최근 3년간 유사 용역 수행실적 1부 / 참여인력현황 1부 / 4대보험 가입 현황 첨부 / 조달청 입찰참가자격등록증 소지업체이어야 함 / 입찰등록마감일 현재 부정당업자에 해당되지 아니한 업체 / 소프트웨어사업의 신고분야 중 컴퓨터관련 서비스사업자로 신고한 자 (업종코드: 1468) / 중소기업자(중·소기업·소상공인 확인서 소지) / 본 사업은 하도급 불허함 / 대기업 및 중견기업의 참여 제한(중소기업자만 입찰참가 가능) / 「중소기업제품구매촉진및판로지원에관한법률」에 따른 직접생산증명서 소지업체', 'authentication': '본인인증(NICE)', 'competition_structure': '3개 대회', 'project_period': '계약일 ~ 2025년 12월', 'warranty_period': '검수완료일로부터 12개월', 'proposal_page_limit': '120페이지(60장)', 'bid_evaluation': '입찰방식 : 제한경쟁입찰 / 낙찰자 결정 : 협상에 의한 계약체결 / 기술평가:90 / 가격평가:10', 'response_time': '모든 질의는 사용자가 요청하는 시간으로부터 3,000ms(3초) 내에 그 결과값을 보여줘야 함', 'system_url': 'https://total.koreanpc.kr', 'participation_restriction': '중·소기업자 및 소상공인만 입찰참가 가능 / 조달청 입찰참가자격등록증 소지업체이어야 함 / 부정당업자 입찰 참가자격 제한 중이 아니어야 함 / 소프트웨어사업의 신고분야 중 컴퓨터관련 서비스사업자로 신고한 자(업종코드: 1468) / 하도급 불허 / 대기업의 참여 제한(소프트웨어산업진흥법 제24조의2 제2항에 따라) / 중소기업제품 직접생산증명서 소지업체(전산업무 분야-“정보시스템개발서비스-8159901”) / 중·소기업·소상공인 확인서 소지자만 입찰참가 가능', 'kakaotalk_service': '상담 서비스 제공'}",0.7619047619047619,0.6194083694083694,1.0,0.5238095238095238,74.04322485758587,50,C1,R2,G1
대한적십자사 의료원_적십자병원 병원정보 재해복구시스템 구축 용역 .pdf,21,62,"{'project_name': '적십자병원 병원정보 재해복구시스템 구축', 'agency': '대한적십자사 의료원', 'purpose': '자연재해, 사이버 공격 등 재해 요인으로부터 진료정보 및 중요 데이터 보존을 위해 원격지에 재해복구시스템 구축 필요 / 시스템 오류 및 결함 등 불의의 시스템 중단에도 진료연속성 확보를 위한 장애대응 체계 구축 필요', 'budget': '금500,000,000원', 'contract_type': '제한경쟁입찰 / 협상에 의한 계약 방식', 'deadline': '입찰공고서 참조', 'duration': '계약일로부터 6개월 이내', 'requirements_must': '각종 하드웨어 및 시스템 소프트웨어의 용량 및 수량은 제안요청서의 규격 및 수량 이상 충족 / 발주기관의 보안정책 및 시스템 관리·운영정책, 백업정책 등에 맞게 관련 소프트웨어 이전·추가·업그레이드 및 신규 도입하여 적용 / 엄격한 정보보호기준 적용 / 발주기관 보안지침 준수 / 도입 하드웨어 및 소프트웨어는 성능 및 기능으로 인한 대상 서비스, 네트워크, 보안장비 등 운영에 영향이 없도록 설정 조정 / 품질저하 또는 장애 시 교체 등 신속한 조치 / 공급확약서/기술지원확약서 포함 / 도입 하드웨어 및 소프트웨어는 정상상태에서 매일·24시간 무중단 운영 / 시스템은 모든 채널에 동일한 자료 및 결과 생성 / 오류 방지 통제방안 및 비상대책 공유 / 보안기능 관련 다양한 항목(네트워크 침입차단, 침입방지, 통합로그관리, 웹방화벽, DDos 대응 등) 준수 / 모든 도입 자원은 라이선스 증서, 사용설명서, 제품상세명세서 제공 / 라이선스 증서는 최소 설치 단위로 각 1부 제출 / 제조사 기술지원 확약서 제출 / 모든 시스템 구축 후 서비스 및 시스템의 신뢰성 및 안정성 검증 / 서버 OS는 성능 검증된 최신 또는 안정화 버전 설치 및 무상 업그레이드 보장 / 신규 서버는 검수 완료 후 3년 이내 구성품 단종 시 동일 성능 이상의 신제품으로 무상 교체 / 데이터베이스 서버는 이중화 구성 / 도입 장비는 확장성·효율성·고가용성 최신 장비 도입 및 품질보증서, 기술지원확약서, 제조사 공급증명서 제출 / 성능영향 요소별 최소 성능 기준·검증기준·검증방안·검증결과 제시 / 다수 기관·대량 전송 성능테스트 수행방안 마련 및 수행 / 도입 자원은 정품 또는 완제품, 제조사 정품 사용 / 제품 반입 시 1주일 전 수량·세부규격·장비 이동경로·차량 및 작업자 보고 / 시범운영 전 데이터 이행 기간 고려하여 납품·설치·설정 완료 후 발주기관 확인 / 설치비 청구 불가 / 납품/설치 시스템은 발주기관 보안정책 준수 / 서버의 OS 버전은 Major, Minor, Patch 등 성능이 검증된 최신의 버전 권장 / 신규 도입 데이터베이스 서버 사양 충족(예: 인텔 제온 2.4GHz 16Core *2EA 이상, 메모리 512GB 이상 등)', 'eval_items': '기술평가:90 / 입찰가격 평가:10', 'price_eval': '협상에 의한 계약체결 기준', 'eligibility': '「국가를 당사자로 하는 계약에 관한 법률 시행령」제12조 및 동법 시행규칙 제14조에 의한 경쟁 입찰 참가 자격을 갖춘 자 / 「국가를 당사자로 하는 계약에 관한 법률」제27조 및 동법 시행령 제76조에 의한 부정당업자로 제재를 받지 않은 업체 / 대기업 및 중견기업은 입찰에 참여할 수 없음 / 「소프트웨어 진흥법」제48조에 따라 ‘상호출자제한기업집단소속회사’는 입찰에 참여할 수 없음 / 중소기업 확인서(발급일: 전자입찰서 제출 마감일 전일까지 발급, 유효기간 내) 소지한 중소기업 / 서버 장비는 「정보통신공사업법」제14조에 의한 정보통신공사업 등록자 / 소프트웨어는 「소프트웨어 진흥법 시행규칙」제17조에 의거 입찰공고일 현재 소프트웨어사업자로 등록(신고)된 업체 / 공동수급(컨소시엄)일 경우 동일 자격 유지', 'scope_custom': '재해복구시스템 구축 / 데이터베이스 서버 도입(1식) 및 DBMS(4식) 설치 / 데이터복제 솔루션(12식) 설치(주센터 및 재해복구센터) / 데이터베이스 마이그레이션(주 센터 이관, 버전 업그레이드, 실시간 복제, 업무전환 지원) / 재해복구 절차 교육 및 지원 / 통합 대상 DB(서울·인천·상주·통영·거창·경인권역재활·영주 적십자병원) / 데이터 이관 방안 수립 및 이관 테스트·품질검증 / 설치계획서·설치결과서·테스트계획서·테스트결과서 산출', 'target_hospitals': '서울적십자병원 / 인천적십자병원 / 상주적십자병원 / 통영적십자병원 / 거창적십자병원 / 경인권역재활병원 / 영주적십자병원', 'hw_spec': '인텔 제온 2.4GHz 16Core *2EA 이상 제공 / 512GB 이상 제공(최대 1TB 확장 가능)', 'replication_qty': '12식', 'install_location': '주센터: 강원도 원주시 대한적십자사 혈액관리본부 4층 서버실 / 재해복구센터: 경기도 안산시', 'migration_requirement': '운영시스템 중단을 최소화하면서 안정적인 데이터 이관을 위해 SW, 부품 및 장비 등이 필요한 경우 제안에 포함할 것 / 이관에 따른 업무중단을 최소화하고 데이터의 안정성 및 정합성을 확보할 수 있는 데이터 이관 방안을 마련하여야 함 / 데이터 이관 및 구축 절차 수립을 통해 단계별 문제 예측 및 대응방안을 구체적으로 제시하여야 함 / 이관 테스트를 통해 실제 이행에서 발생할 수 있는 장애나 문제점을 파악하여 대안을 마련하여야 함 / 이관 완료된 데이터의 품질 검증(이행 전·후 비교 등)을 실시하여 그 결과를 제시하여야 하함 / 데이터 이행 체크리스트 작성, 각 단계별 수행시간, 일정 등을 고려한 시나리오를 작성하여 이행 작업을 실시하여야 함 / 데이터 이행 절차의 각 단계별 데이터의 검증을 통해 데이터의 무결성을 보장하여야 함 / 최종 데이터 이관 작업과 이관 결과를 검증하여야 함 / 데이터 이관 후 안정화 작업을 지원하여야 함', 'defect_threshold': '결함 발생률이 5% 이상이거나 중대 결함이 발생할 경우, 결함 지속 시간의 최대 한계 값은 1시간', 'onsite_response_time': '3시간 이내 방문 지원', 'security_training': '사업자는 사업 참여자를 대상으로 1회 이상 자체 보안교육 실시 / 월 1회 이상 보안점검 실시 / 사업투입 전 보안서약서 제출 / 계약업체는 용역사업 수행 전 참여인원에 대해 보안교육 실시 / 주기적인 보안 교육 및 불시점검 실시할 수 있음', 'availability': '도입 하드웨어 및 소프트웨어는 정상상태에서 매일·24시간 무중단 운영되어야 함 / 통상적인 업무시간 동안 가용성을 보장하여야 함'}",0.9047619047619048,0.7409297052154195,1.0,0.7142857142857143,80.26052068420152,50,C1,R2,G1
문화체육관광부 국립민속박물관_2024년 국립민속박물관 민속아카이브 자.pdf,21,82,"{'project_name': '국립민속박물관 민속아카이브 자료관리시스템 기능개선', 'agency': '국립민속박물관', 'purpose': '민속아카이브 자료관리시스템 업무 프로세스 강화 필요 / 민속아카이브 자료관리시스템 기술이전 및 하자보수 / 기타 과제수행에 필요한 사항 등', 'budget': '금77,000,000원', 'contract_type': '제한경쟁입찰 후 협상에 의한 계약', 'deadline': 'NOT_FOUND', 'duration': '계약 후 2024.12.20.(금)까지', 'requirements_must': '시스템 당 동시 사용자 500명 이상 지원 / 모든 질의는 사용자가 요청하는 시간으로부터 3,000ms(3초) 내에 결과값을 보여줄 것 / 인터넷 익스플로러(IE)에 종속된 ActiveX 사용 금지 / 크로스브라우징 지원(동작·레이아웃·플러그인 호환성 확보) / W3C Markup Validation Service, CSS Validation Service 진단 통과 결과물 제출 / 소스코드 보안 취약성 자체진단 및 제거방안 제시 / 진단도구·진단 전문인력 활용 등 진단·조치방안 제시 / 모바일 전자정부서비스 관리지침 및 소프트웨어 개발보안 가이드 준수 / 엄격한 비밀번호 조합 규칙 적용 및 일방향 암호화 / 안전하지 않은 비밀번호 검출 및 재등록 / 일정횟수 이상 패스워드 입력 오류 시 사용 차단 기능 구현 / 세션만료 처리(사용자/관리자), 동시 로그인 금지(관리자) / 불필요한 페이지 check 관리 / 소스코드 서버 저장 금지, 백업파일 별도 보관 / 입력 데이터 필터링(취약점 방지) / 가상사설망(검증필 암호모듈 탑재 필수) / 소프트웨어기반 보안USB(검증필 암호모듈 탑재 필수) / 호스트 자료유출 방지(매체제어제품 포함, 국정원 검증필 암호모듈 탑재 필수) / 망간 자료전송(인증제품) / 네트워크 자료유출방지 / 네트워크 장비(L3 스위치 이상) / 가상화관리제품 / 품질보증방안 제시 및 품질보증 관련 인증 입증서류 제출 / 제공되기로 한 요구사항은 검증(테스트) 활동을 통해 예상된 결과 도출 시 제공으로 평가 / 바운더리 테스트·비즈니스로직 테스트·통합테스트·시스템 테스트를 위한 구체적 툴 및 적용방안 제시 / 웹사이트 취약점(OWASP Top 10 및 국정원 발표 보안 취약점) 제거 및 웹 취약점 점검·보완 후 결과보고서 제출 / 데이터 전환 계획 및 검증 방법·에러 데이터 처리 방법 구체적 제시 / 도입 장비의 성능 테스트(BMT) 요구사항 제시 / 사업 완료 후 업체 전자기록 저장매체는 국정원 검증 삭제 SW로 완전 삭제 및 대표 명의 확약서 제출', 'eval_items': '기술평가:90 / 가격평가:10', 'price_eval': '협상에 의한 계약', 'eligibility': '조달청 입찰참가자격등록증 소지업체여야 함 / 「국가를 당사자로 하는 계약에 관한 법률 시행령」 제12조 및 동법 시행규칙 제14조에 의한 경쟁입찰 참가자격을 갖추어야 함 / 「국가를 당사자로 하는 계약에 관한 법률 시행규칙」 제76조의 규정에 의한 부정당업자의 입찰참가자격 제한을 받는 자는 제외 / 소프트웨어사업자(컴퓨터 관련 서비스사업, 업종코드: 1468)로 등록되어 있는 업체 / 최근년도 결산신고 된 SW사업자신고확인서를 제출해야 함 / 공동수급일 경우 공동이행방식 실시 / 공동수급체는 5인 이하 구성, 구성원별 계약참여 최소지분율 10% 이상 / 본 사업은 총예산 20억 미만으로 대기업 및 중견기업의 참여 불가함 / 중소기업자간 경쟁일 경우 직접생산확인증명서 제출(세부품명: 정보시스템개발서비스, 세부품명번호: 8159901, 입찰참가등록 마감일 이전 발행된 것, 유효기간 내) / 하도급 허용하지 않음', 'process_improvement': '가등록 프로세스 내 세부 프로세스 추가 및 오류 수정 / 최초 가등록 단계에서 공공누리 유형 일괄 입력/수정 기능 추가 / 자료수정 단계에서 공공누리 유형 일괄 입력/수정 기능 추가 / 가등록 업로드 후 수정 시 일부 해당 건의 자료 수정 기능 추가 / 가등록 1단계에서 파일 등록 후 사진 미출력 오류 수정', 'search_function': '자료검색 결과값의 아카이브 자료 번호순 정렬 기능 추가', 'response_time': '모든 질의는 사용자가 요청하는 시간으로 부터 3,000ms(3초) 내에 그 결과값을 보여줘야 함', 'concurrent_users': '시스템 당 동시 사용자 500명 이상', 'web_standards': '전자정부 웹사이트 품질관리지침(행정안전부 고시 제2024-25호, 2024. 4. 12.) 준수 / 이용자들의 다양한 사용자 환경(브라우저)에서 서비스 이용 가능하도록 표준 준수 / IE, 크롬, 사파리, 파이어폭스, 엣지 등 브라우저에서 버전에 구애받지 않도록 웹 표준 준수 / ActiveX 사용 금지 / 크로스브라우징 지원(동작·레이아웃·플러그인 호환성 확보) / W3C Markup Validation Service 및 CSS Validation Service 진단 통과 / 웹 표준 문법 준수 / HTML 4.01/HTML5, CSS2.1, XHTML1.0 등 표준기술 준수 / ECMAScript 3rd 등 웹브라우저 관련 표준 준수', 'security_vulnerability': '웹사이트 취약점(OWASP Top 10 및 국정원 발표 보안 취약점) 제거 / 웹 취약점 점검․보완 후 결과보고서 제출 / 소스코드 보안 취약성 자체진단 및 제거방안 제시(앱 소스코드 보안점검 방안 제시 등) / 웹 취약점 점검 및 보완 조치: 사용자 인증 취약점 / 관리자 페이지 노출 취약점 / SQL Injection 취약점 / XSS 취약점 / 악성스크립트 취약점 / 유해파일 업로드 취약점 / 불필요한 파일 및 정보노출 취약점 / 파일목록 및 파일내용 노출 취약점 / 소스코드 서버 저장 금지 / 입력 데이터 필터링(취약점 방지) / 서버스크립트 파일 업로드 제한 / 디렉토리 리스팅 방지 / 홈페이지 절대경로 및 내부시스템 정보 노출 방지 / 홈페이지 관리자 페이지 접근 통제 / 최신 악성코드 대응을 위한 주기적인 취약점 점검계획 수립, 점검(조치)결과 내부결재(문서보고) 및 보안패치 등 운영관리 / 취약점 점검결과는 대외비 이상으로 관리 / 개발 및 납품업체 대표이사급 명의로 취약점 점검결과 확인서 징구 / 웹서버에 보안 약점 및 취약점 조치와 주기적인 모니터링 방안 및 웹쉘 업로드 침해사고 방지 보안조치', 'copy_function': '복제 세부 프로세스 추가 / 복제> 복제요청 시 사업 단위 복제 요청 기능 추가 / 복제> 복제요청 시 복제종류의 디폴트값(촬영) 해제 및 복제종류 선택 가능 / 복제> 복제승인 시 복제요청자료 목록에 공공누리 유형, 저작권 및 웹서비스 공개여부 출력 / 복제> 복제승인 시 사업 전체 허가 또는 전체 불가 기능 추가', 'material_management': '수장고별 자료 격납 상황 및 이동사항 추적 기능 개발 / 매체별 자료 격납 사항 및 이동사항 추적 기능 개발 / 등록자료 이동 및 격납사항 데이터 입력 페이지 개발 / 수장고별 자료 격납 상황 및 격납률 데이터 추출 기능 개발 / 매체별 자료 격납 상황 및 격납률 데이터 추출 기능 개발', 'warranty_period': '검수완료일로부터 12개월', 'training_requirement': '시스템 관리자 대상 교육 : 프로그램 및 개발 내용, 도입 장비 관련 교육 / 업무부서 담당자 대상 교육 : 업무 처리 프로그램 사용 교육 / 각종 작업 완료와 함께 시험 운영을 실시하고 그 과정에 주관기관 업무 담당자를 참여시켜 실무교육을 병행 / 백업 정책의 수립 등 계획서 제출 / 시스템 운영자에 대한 교육계획 및 일정을 항목별로 제시 / 주관기관의 필요에 따라 요구할 경우 계약대상자는 On-Site 교육을 실시 / 구축 시 도입되는 신기술에 대하여 개발 작업 인력 및 시스템 운영자를 대상으로 적절한 교육을 실시 / 시스템 운영조직에 대한 시스템 교육을 실시하여야 함'}",1.0,0.8551587301587301,1.0,0.6666666666666666,82.41067836869037,50,C1,R2,G1
